address,symbol,decimals,price
0xb58e61c3098d85632df34eecfb899a1ed80921cb,ZCHF,18,1.24470998
0x96a5399d07896f757bd4c6ef56461f58db951862,DRAGONX,18,2.18e-06
0xbe042e9d09cb588331ff911c2b46fd833a3e5bd6,PEPE,18,0.00046848
0xd86830e9c56785e2b703eb0029ae71a943e4d442,KOBUSHI,9,3.21658e-07
0xf94e7d0710709388bce3161c32b4eea56d3f91cc,DSync,18,0.109578
0x41e5560054824ea6b0732e656e3ad64e20e94e45,cvc,8,0.087566
0x2a897de60073e13c1f34f672033c1c1d08657fbb,DAWAE,9,0.00012053
0x57b96d4af698605563a4653d882635da59bf11af,RCH,18,0.274645
0x6d614686550b9e1c1df4b2cd8f91c9d4df66c810,SKEB,18,0.00035181
0xc2544a32872a91f4a553b404c6950e89de901fdb,FPIS,18,0.563814
0x9e46a38f5daabe8683e10793b06749eef7d733d1,NCT,18,0.02149206
0xd46ba6d942050d489dbd938a2c909a5d5039a161,AMPL,9,1.25
0xa0b73e1ff0b80914ab6fe0444e65848c4c34450b,cro,8,0.26232
0x8eef5a82e6aa222a60f009ac18c24ee12dbf4b41,TXL,18,9.457e-05
0x32353a6c91143bfd6c7d363b546e62a9a2489a20,agld,18,0.660849
0xfd36fa88bb3fea8d1264fc89d70723b6a2b56958,wXTM,18,0.00373061
0xe76c6c83af64e4c60245d8c7de953df673a7a33d,RAIL,18,0.961039
0x767fe9edc9e0df98e07454847909b5e959d7ca0e,ILV,18,13.5
0x8248270620aa532e4d64316017be5e873e37cc09,DEVVE,18,0.464217
0xdfc5964141c018485b4d017634660f85aa667714,ODIN,18,0.0070626
0x423f4e6138e475d85cf7ea071ac92097ed631eea,PNDC,18,1.06391e-07
0x0b9ae6b1d4f0eeed904d1cef68b9bd47499f3fff,NATI,18,5.52178e-07
0x8c1bed5b9a0928467c9b1341da1d7bd5e10b6549,LsETH,18,4638.39
0x85f138bfee4ef8e540890cfb48f620571d67eda3,WAVAX,18,24.91
0x772358ef6ed3e18bde1263f7d229601c5fa81875,SNPAD,18,0.0140645
0x2602278ee1882889b946eb11dc0e810075650983,VADER,18,1.095e-05
0xd199e23e2396b4ad8734b7321ca0d435a97017a0,TRENCH,18,0.238712
0x3b50805453023a91a8bf641e279401a0b23fa6f9,REZ,18,0.01111525
0x55296f69f40ea6d20e478533c15a6b08b654e758,XYO,18,0.00968425
0xe868084cf08f3c3db11f4b73a95473762d9463f7,YU,18,0.999769
0xc61edb127f58f42f47a8be8aebe83cf602a53878,COBE,18,0.01293467
0xab846fb6c81370327e784ae7cbb6d6a6af6ff4bf,PAL,18,0.068456
0x77fba179c79de5b7653f68b5039af940ada60ce0,FORTH,18,2.71
0xb3999f658c0391d94a37f7ff328f3fec942bcadc,hft,18,0.097917
0x24a6a37576377f63f194caa5f518a60f45b42921,BANK,18,0.564605
0x615987d46003cc37387dbe544ff4f16fa1200077,NASDAQ420,9,0.00400373
0x6b7774cb12ed7573a7586e7d0e62a2a563ddd3f0,SOPH,18,0.02912943
0xa95c5ebb86e0de73b4fb8c47a45b792cfea28c23,SDL,18,0.952048
0x9669890e48f330acd88b78d63e1a6b3482652cd9,BCNT,18,0.00108416
0xc353bf07405304aeab75f4c2fac7e88d6a68f98e,HOPE,18,0.560264
0xf3b9569f82b18aef890de263b84189bd33ebe452,CAW,18,5.6955e-08
0xe66b3aa360bb78468c00bebe163630269db3324f,MTO,18,0.03663871
0x9f9c8ec3534c3ce16f928381372bfbfbfb9f4d24,GLQ,18,0.01619591
0x99999999999999cc837c997b882957dafdcb1af9,WUSDN,18,1.11
0x38a94e92a19e970c144ded0b2dd47278ca11cc1f,F9,9,0.0006211872311158829
0xf8e57ac2730d3088d98b79209739b0d5ba085a03,OPAI,18,1.739e-05
0x4d1c297d39c5c1277964d0e3f8aa901493664530,PUFFER,18,0.203729
0x243cacb4d5ff6814ad668c3e225246efa886ad5a,SHI,18,4.84915e-07
0x8c7ac134ed985367eadc6f727d79e8295e11435c,Kekec,18,0.00013601
0xbe1a001fe942f96eea22ba08783140b9dcc09d28,beta,18,0.00457029
0x7dd9c5cba05e151c895fde1cf355c9a1d5da6429,glm,18,0.231084
0x64aa3364f17a4d01c6f1751fd97c2bd3d7e7f1d5,OHM,9,22.72
0x58b6a8a3302369daec383334672404ee733ab239,LPT,18,6.72
0xaa7a9ca87d3694b5755f213b5d04094b8d0f0a6f,TRAC,18,0.345483
0xcf0c122c6b73ff809c693db761e7baebe62b6a2e,FLOKI,9,8.944e-05
0xd29da236dd4aac627346e1bba06a619e8c22d7c5,MAGA,9,9.15e-06
0x28a062b8cd62a219210211f2085281c0aca2b2b9,BNPL,18,0.01929639
0xb01dd87b29d187f3e3a4bf6cdaebfb97f3d9ab98,Bold,18,0.996898
0x5afe3855358e112b5647b952709e6165e1c1eeee,safe,18,0.415311
0x4c11249814f11b9346808179cf06e71ac328c1b5,ORAI,18,2.5
0xe355de6a6043b0580ff5a26b46051a4809b12793,4EVER,18,0.00234663
0x856c4efb76c1d1ae02e20ceb03a2a6a08b0b8dc3,OETH,18,4295.65
0xec213f83defb583af3a000b1c0ada660b1902a0f,PRE,18,0.00542964
0x69984efc8244f855a6fecdce254fe51b2836530e,EFG,18,1.727e-05
0xfc82bb4ba86045af6f327323a46e80412b91b27d,prom,18,9
0xf4308b0263723b121056938c2172868e408079d0,CRYO,18,0.974418
0x698b1d54e936b9f772b8f58447194bbc82ec1933,PEEZY,9,3e-06
0x0bc37bea9068a86c221b8bd71ea6228260dad5a2,SPARKLET,18,0.02826162
0x19062190b1925b5b6689d7073fdfc8c2976ef8cb,bzz,16,0.13761
0x7ddc52c4de30e94be3a6a0a2b259b2850f421989,gomining,18,0.511939
0xca7af58da871736994ce360f51ec6cd28351a3df,GATSBY,18,0.03997998
0xfaba6f8e4a5e8ab82f62fe7c39859fa577269be3,ondo,18,0.911305
0x9ad37205d608b8b219e6a2573f922094cec5c200,iZi,18,0.00420561
0xcc42b2b6d90e3747c2b8e62581183a88e3ca093a,LOTUS,18,7.16e-05
0xa3ee21c306a700e682abcdfe9baa6a08f3820419,ctc,18,0.596153
0xd3e4ba569045546d09cf021ecc5dfe42b1d7f6e4,MNW,18,0.088034
0xb50721bcf8d664c30412cfbc6cf7a15145234ad1,ARB,18,0.487321
0x8be3460a480c80728a8c4d7a5d5303c85ba7b3b9,sENA,18,0.683847
0x944824290cc12f31ae18ef51216a223ba4063092,MASA,18,0.01340765
0x26e550ac11b26f78a04489d5f20f24e3559f7dd9,KEKIUS,9,0.02203367
0x2dff88a56767223a5529ea5960da7a3f5f766406,id,18,0.15501
0xc5fb36dd2fb59d3b98deff88425a3f425ee469ed,TSUKA,9,0.00411264
0x4fabb145d64652a948d72533023f6e7a623c7c53,BUSD,18,0.997953
0xef4461891dfb3ac8572ccf7c794664a8dd927945,WCT,18,0.284615
0xddfbe9173c90deb428fdd494cb16125653172919,SWK,18,0.01330914
0x737d461917ccf0fa28a52da30672e2ddc214f0bf,OZK,18,0.00032643
0x1f9840a85d5af5bf1d1762f925bdaddc4201f984,UNI,18,9.37
0x1b379a79c91a540b2bcd612b4d713f31de1b80cc,NAORIS,18,0.02408535
0xabec00542d141bddf58649bfe860c6449807237c,X,18,0.0454172
0x01aac2b594f7bdbec740f0f1aa22910ebb4b74ab,UNIO,18,2.851e-05
0x168e209d7b2f58f1f24b8ae7b7d35e662bbf11cc,lai,18,0.00042439
0xf1b99e3e573a1a9c5e6b2ce818b617f0e664e86b,oSQTH,18,144.29778513800306
0x72e4f9f808c49a2a61de9c5896298920dc4eeea9,BITCOIN,8,0.07491
0x7f75aa2274273f4d41267a0e2cd6c9b96c5b7510,POP,18,0.00032622
0xd19b72e027cd66bde41d8f60a13740a26c4be8f3,SUIAI,18,0.01149353
0xc5d27f27f08d1fd1e3ebbaa50b3442e6c0d50439,APP,18,0.00254782
0x24e89bdf2f65326b94e36978a7edeac63623dafa,TKING,18,6.07391e-07
0x8400d94a5cb0fa0d041a3788e395285d61c9ee5e,UBT,8,0.01890991
0x9c7beba8f6ef6643abd725e45a4e8387ef260649,g,18,0.01108079
0x903bef1736cddf2a537176cf3c64579c3867a881,ICHI,9,0.434786
0x4e3fbd56cd56c3e72c1403e103b45db9da5b9d2b,CVX,18,3.44
0x10633216e7e8281e33c86f02bf8e565a635d9770,dvi,18,0.00700365
0xda5e1988097297dcdc1f90d4dfe7909e847cbef6,WLFI,18,0.184493
0x8457ca5040ad67fdebbcc8edce889a335bc0fbfb,alt,18,0.0311891
0x80f0c1c49891dcfdd40b6e0f960f84e6042bcb6f,DXN,18,0.274621
0xd3cc9d8f3689b83c91b7b59cab4946b063eb894a,xvs,18,6.02
0x2ebd53d035150f328bd754d6dc66b99b0edb89aa,MET,18,0.555787
0x946fb08103b400d1c79e07acccdef5cfd26cd374,KIP,18,0.00046297
0x044d078f1c86508e13328842cc75ac021b272958,wPPC,6,0.303165
0xdef1ca1fb7fbcdc777520aa7f396b4e015f497ab,COW,18,0.330436
0xdbb5cf12408a3ac17d668037ce289f9ea75439d7,WMTX,6,0.19919
0xea36af87df952fd4c9a05cd792d370909bbda8db,KPOP,18,0.0003632
0x33333333fede34409fb7f67c6585047e1f653333,ORA,18,0.00976569
0x38e382f74dfb84608f3c1f10187f6bef5951de93,mubi,18,0.00325012
0xc581b735a1688071a1746c968e0798d642ede491,EURT,6,1.15
0x4581af35199bbde87a89941220e04e27ce4b0099,PARTY,18,0.00156556
0xdf4c0665e67cf0698447ca9e454ed56cc6f2df1e,T6900,18,0.00699081
0x3e5d9d8a63cc8a88748f229999cf59487e90721e,XMT,18,0.01799423
0xdfdb7f72c1f195c5951a234e8db9806eb0635346,NFD,18,0.00017231
0x226bb599a12c826476e3a771454697ea52e9e220,pro,8,0.691044
0x3472a5a71965499acd81997a54bba8d852c6e53d,BADGER,18,0.90549
0xa47c8bf37f92abed4a126bda807a7b7498661acd,UST,18,0.0139693
0xe28027c99c7746ffb56b0113e5d9708ac86fae8f,KING,9,1.195e-05
0x857ffc55b1aa61a7ff847c82072790cae73cd883,EEFI,18,32.7
0xbaac2b4491727d78d2b78815144570b9f2fe8899,DOG,18,0.00181738
0xedf6568618a00c6f0908bf7758a16f76b6e04af9,ARIA20,18,0.061771
0x5283d291dbcf85356a21ba090e6db59121208b44,BLUR,18,0.074824
0x221657776846890989a759ba2973e427dff5c9bb,REPv2,18,1.033
0x965d79f1a1016b574a62986e13ca8ab04dfdd15c,M2,18,0.00019772
0xeeaa40b28a2d1b0b08f6f97bb1dd4b75316c6107,GOVI,18,0.01984564
0xf1c9acdc66974dfb6decb12aa385b9cd01190e38,osETH,18,4514.94
0x9ac07635ddbde5db18648c360defb00f5f22537e,MOCA,18,0.093928
0xf816507e690f5aa4e29d164885eb5fa7a5627860,RATO,9,1.46e-06
0x84ca8bc7997272c7cfb4d0cd3d55cd942b3c9419,DIA,18,0.754834
0xbdab72602e9ad40fc6a6852caf43258113b8f7a5,sov,18,0.098045
0xde30da39c46104798bb5aa3fe8b9e0e1f348163f,GTC,18,0.328352
0xcd5fe23c85820f7b72d0926fc9b05b43e359b7ee,weETH,18,4599.11
0xa9d54f37ebb99f83b603cc95fc1a5f3907aaccfd,PIKA,18,5.0859e-08
0x227c7df69d3ed1ae7574a1a7685fded90292eb48,MILADY,18,8390.555597014403
0xadd39272e83895e7d3f244f696b7a25635f34234,PEPU,18,0.00053389
0x47000a7b27a75d44ffadfe9d0b97fa04d569b323,TRUMPIUS,9,0.0034452
0x2c5bc2ba3614fd27fcc7022ea71d9172e2632c16,SOV,18,3.104e-09
0x644192291cc835a93d6330b24ea5f5fedd0eef9e,NXRA,18,0.00814854
0x67c4d14861f9c975d004cfb3ac305bee673e996e,LANDWU,9,7.01269e-10
0x6bef15d938d4e72056ac92ea4bdd0d76b1c4ad29,PROVE,18,0.849144
0x9a96ec9b57fb64fbc60b423d1f4da7691bd35079,AJNA,18,0.00323405
0x89e8e084cc60e6988527f0904b4be71656e8bfa9,SMOG,6,0.01182048
0xc221b7e65ffc80de234bbb6667abdd46593d34f0,wCFG,18,0.324107
0x4086e77c5e993fdb90a406285d00111a974f877a,BRWL,4,0.00051018
0x42069026eac8eee0fd9b5f7adfa4f6e6d69a2b39,MSTR,9,0.145342
0x320623b8e4ff03373931769a31fc52a4e78b5d70,RSR,18,0.00740268
0x2282c726f54c93193e6b8e5bf1b82303dc11d36e,DAY,6,0.00649957
0x9e18d5bab2fa94a6a95f509ecb38f8f68322abd3,OMIKAMI,9,0.01770587
0xf4d2888d29d722226fafa5d9b24f9164c092421e,LOOKS,18,0.01421231
0xed35af169af46a02ee13b9d79eb57d6d68c1749e,OMI,18,0.0003152
0x6ee2f71049dde9a93b7c0ee1091b72acf9b46810,MERC,18,0.00247834
0x6781a0f84c7e9e846dcb84a9a5bd49333067b104,ZAP,18,0.00184347
0x24d73bca2bd9c3a61e99dfc7cb86d3c379ebded7,MAI,18,0.396674
0x0a638f07acc6969abf392bb009f216d22adea36d,BKN,18,0.191756
0x59d1e836f7b7210a978b25a855085cc46fd090b5,JUSTICE,18,6.886e-05
0xae6e307c3fe9e922e5674dbd7f830ed49c014c6b,CREDI,18,0.00440383
0x046eee2cc3188071c02bfc1745a6b17c656e3f3d,RLB,18,0.072086
0x069d89974f4edabde69450f9cf5cf7d8cbd2568d,BVM,18,0.01385004
0x6aeb95f06cda84ca345c2de0f3b7f96923a44f4c,BERRY,14,0.00020461
0x26ebb8213fb8d66156f1af8908d43f7e3e367c1d,RETIK,18,0.00046788
0xbe9f61555f50dd6167f2772e9cf7519790d96624,SX,18,0.072783
0x188d12eb13a5eadd0867074ce8354b1ad6f4790b,DFX,18,2.12
0xd5d86fc8d5c0ea1ac1ac5dfab6e529c9967a45e9,WRLD,18,0.00844216
0x5e3346444010135322268a4630d2ed5f8d09446c,LOC,18,0.075
0xa02c49da76a085e4e1ee60a6b920ddbc8db599f4,TREAT,18,0.00147426
0x6b32022693210cd2cfc466b9ac0085de8fc34ea6,DECI,8,0.00165002
0x814a870726edb7dfc4798300ae1ce3e5da0ac467,daCat,18,6.484e-09
0xcb86c6a22cb56b6cf40cafedb06ba0df188a416e,SURE,18,0.00124983
0x24da31e7bb182cb2cabfef1d88db19c2ae1f5572,SHIK,18,1.352e-09
0xf5b5efc906513b4344ebabcf47a04901f99f09f3,UBX,0,3.98e-06
0x000000c396558ffbab5ea628f39658bdf61345b3,BUNNI,18,0.00519976
0x626e8036deb333b408be468f951bdb42433cbf18,AIOZ,18,0.305793
0xa0bed124a09ac2bd941b10349d8d224fe3c955eb,DEPAY,18,0.196774
0x323c03c48660fe31186fa82c289b0766d331ce21,OPEN,18,1.6
0x64bc2ca1be492be7185faa2c8835d9b824c8a194,bigtime,18,0.050778
0x84ba4aecfde39d69686a841bab434c32d179a169,MTHD,18,0.0035261302457944574
0xa1f410f13b6007fca76833ee7eb58478d47bc5ef,RJV,6,0.00487373
0x656c00e1bcd96f256f224ad9112ff426ef053733,EFI,18,0.134386
0xe1b4d34e8754600962cd944b535180bd758e6c2e,agETH,18,4456.76
0x722a89f1b925fe41883978219c2176aecc7d6699,XNK,18,3582.89
0x77777feddddffc19ff86db637967013e6c6a116c,TORN,18,13.61
0x3e985250cb137fc1ff55922116934c5982d29f85,ZENT,18,0.00788027
0xf17a3fe536f8f7847f1385ec1bc967b2ca9cae8d,AMKT,18,316.48
0xc7a2572fa8fdb0f7e81d6d3c4e3ccf78fb0dc374,FINALE,18,4.11e-06
0x667fd83e24ca1d935d36717d305d54fa0cac991c,AGS,18,0.070452
0x1db1591540d7a6062be0837ca3c808add28844f6,hOHM,18,0.01192004
0x39d5313c3750140e5042887413ba8aa6145a9bd2,EMP,18,71.54
0x58d97b57bb95320f9a05dc918aef65434969c2b2,MORPHO,18,1.98
0xc1abb8c93be6811affc70675b0432926c4bfbb5d,UERII,18,0.00114008
0x9d1a7a3191102e9f900faa10540837ba84dcbae7,EURI,18,1.17
0x2903bd7db50f300b0884f7a15904baffc77f3ec7,ARC,18,0.00311937
0x7b66e84be78772a3afaf5ba8c1993a1b5d05f9c2,VITARNA,18,1.57
0xf418588522d5dd018b425e472991e52ebbeeeeee,PUSH,18,0.03643734
0x45804880de22913dafe09f4980848ece6ecbaf78,PAXG,18,3587.21
0x5dd57da40e6866c9fcc34f4b6ddc89f1ba740dfe,BRIGHT,18,0.00664491
0x140007c65535aa9c3801ea3bbd3f83c378c7f457,ùïè,9,0.00036953
0xc1f33e0cf7e40a67375007104b929e49a581bafe,SPOT,9,2.16
0xa4ffdf3208f46898ce063e25c1c43056fa754739,ATH,18,0.425071
0x418d75f65a02b3d53b2418fb8e1fe493759c7605,WBNB,18,846.25
0x4c9edd5852cd905f086c759e8383e09bff1e68b3,USDe,18,1.001
0x6b0faca7ba905a86f221ceb5ca404f605e5b3131,DEFI,18,0.00229271
0xcdb37a4fbc2da5b78aa4e41a432792f9533e85cc,CDT,18,0.086683
0x906c012fa4c30d580537c2b72d1789f56f488a80,POGS,18,0.00086201
0xe0f63a424a4439cbe457d80e4f4b51ad25b2c56c,SPX,8,1.11
0x0b38210ea11411557c13457d4da7dc6ea731b88a,API3,18,0.969691
0x72fdc31f4a9a1edf6b6132d3c1754f1cdcf5d9b1,QBX,18,0.00505373
0x9aab071b4129b083b01cb5a0cb513ce7eca26fa5,hunt,18,0.242984
0x5aef5bba19e6a1644805bd4f5c93c8557b87c62c,FakeAI,18,0.00190644
0x5ff46696d6e4896137acb1628b06e28c10ee9634,JANNY,9,1.06e-05
0xa9f94f19abf3089d535b1de2cc058a365ea716c7,AITA,18,0.00024116
0x26c8afbbfe1ebaca03c2bb082e69d0476bffe099,CELL,18,0.216946
0xa3bed4e1c75d00fa6f4e5e6922db7261b5e9acd2,MTA,18,0.03018826
0x1151cb3d861920e07a38e03eead12c32178567f6,Bonk,5,1.985e-05
0xfe0c30065b384f05761f15d0cc899d4f9f9cc0eb,ETHFI,18,1.13
0x00000000000007c8612ba63df8ddefd9e6077c97,‚åò,18,0.00389903
0x1c4853ec0d55e420002c5efabc7ed8e0ba7a4121,Okinami,9,0.00065472
0x6c5ba91642f10282b576d91922ae6448c9d52f4e,PHA,18,0.101111
0xfa2b947eec368f42195f24f36d2af29f7c24cec2,USDf,18,0.999427
0x610dbd98a28ebba525e9926b6aaf88f9159edbfd,NSTR,18,0.01955187
0x8a2279d4a90b6fe1c4b30fa660cc9f926797baa2,CHR,6,0.096403
0x34be5b8c30ee4fde069dc878989686abe9884470,SENATE,18,0.00742265
0x9d39a5de30e57443bff2a8307a4256c8797a3497,sUSDe,18,1.197088530175556
0x6034e0d6999741f07cb6fb1162cbaa46a1d33d36,VITA-FAST,18,6
0x0d438f3b5175bebc262bf23753c1e53d03432bde,wNXM,18,99.81
0x2f913c820ed3beb3a67391a6eff64e70c4b20b19,M-BTC,18,112488
0x1fc122fe8b6fa6b8598799baf687539b5d3b2783,QUEST,6,0.01999323
0x4a029f7bcf33acb03547d8fa7be840347973e24e,MAZZE,18,0.00050818
0x6602e9319f2c5ec0ba31ffcdc4301d7ef03b709e,wBRGE,18,0.00081949
0xdc035d45d973e3ec169d2276ddab16f1e407384f,USDS,18,0.999709
0x4d224452801aced8b2f0aebe155379bb5d594381,APE,18,0.572968
0x553afe6468949e0685959022217336717df5fbe8,PLT,18,62.78
0x4a220e6096b25eadb88358cb44068a3248254675,QNT,18,101.88
0x80008bcd713c38af90a9930288d446bc3bd2e684,KARATE,18,0.00010044
0x44ff8620b8ca30902395a7bd3f2407e1a091bf73,VIRTUAL,18,1.075
0x427a03fb96d9a94a6727fbcfbba143444090dd64,PIXL,18,0.02576497
0x94e496474f1725f1c1824cb5bdb92d7691a4f03a,BANANA,18,0.681596
0x3fa55eb91be2c5d72890da11a4c0269e7f786555,PROPHET,18,0.00147527
0x8fe815417913a93ea99049fc0718ee1647a2a07c,XSWAP,18,0.03782229
0x6958c870a6d9a7a7cca58fede8acfdf1280c12d5,BEAN,18,0.00133899
0xff20817765cb7f73d4bde2e66e067e58d11095c2,AMP,18,0.00328826
0xadf7c35560035944e805d98ff17d58cde2449389,spec,18,0.428335
0x2af5d2ad76741191d15dfe7bf6ac92d4bd912ca3,LEO,18,9.52
0x25931894a86d47441213199621f1f2994e1c39aa,cgpt,18,0.076498
0x7636d8722fdf7cd34232a915e48e96aa3eb386bf,SFI,18,0.03329937
0x4cf89ca06ad997bc732dc876ed2a7f26a9e7f361,MYST,18,0.201469
0x04acaf8d2865c0714f79da09645c13fd2888977f,WFRAX,18,2.62
0x163f8c2467924be0ae7b5347228cabf260318753,WLD,18,0.882716
0xbc544207ff1c5b2bc47a35f745010b603b97e99e,AI,18,0.00244962
0x0ab87046fbb341d058f17cbc4c1133f25a20a52f,gOHM,18,6140.3
0xc0bc84e95864bdfdcd1ccfb8a3aa522e79ca1410,btc,8,0.093003
0xc83e27f270cce0a3a3a29521173a83f402c1768b,USDQ,6,0.999769
0x35e78b3982e87ecfd5b3f3265b601c046cdbe232,XAI,18,0.166112
0x558e7139800f8bc119f68d23a6126fffd43a66a6,U2U,18,0.0065709
0x692353f0bebb3e53301b626edb10eee6040b45fe,WCM,18,0.00069708
0x6a6c2ada3ce053561c2fbc3ee211f23d9b8c520a,TON,18,0.01880691
0x5cf04716ba20127f1e2297addcf4b5035000c9eb,nkn,18,0.02529405
0x2f573070e6090b3264fe707e2c9f201716f123c7,MUMU,18,1.976e-09
0xb9f69c75a3b67425474f8bcab9a3626d8b8249e1,TOYBOX,18,24.22
0xa35b1b31ce002fbf2058d22f30f95d405200a15b,ETHx,18,4591.61
0x8dd09822e83313adca54c75696ae80c5429697ff,Sifu,18,72.71795428784688
0x5c5b196abe0d54485975d1ec29617d42d9198326,sdeUSD,18,1.0580193211025948
0x97a9bac06f90940bce9caec2b880ff17707519e4,MNTO,18,1.26
0x04f121600c8c47a754636fc9d75661a9525e05d5,STARS,18,1.99e-05
0x826180541412d574cf1336d22c0c0a287822678a,FLIP,18,0.454971
0xaaee1a9723aadb7afa2810263653a34ba2c21c7a,Mog,18,8.30378e-07
0xc96de26018a54d51c097160568752c4e3bd6c364,FBTC,8,110228
0x60f67e1015b3f069dd4358a78c38f83fe3a667a9,ROUTE,18,0.00462644
0x14778860e937f509e651192a90589de711fb88a9,cyber,18,1.72
0xd9fcd98c322942075a5c3860693e9f4f03aae07b,EUL,18,9.81
0xf65b5c5104c4fafd4b709d9d60a185eae063276c,TRU,18,0.232972
0x1b0f6590d21dc02b92ad3a7d00f8884dc4f1aed9,SOMI,18,0.547819
0x3b37a9caf74ead14e521d46af0bf00737d827828,HOPE,18,0.00144796
0xfca59cd816ab1ead66534d82bc21e7515ce441cf,RARI,18,0.982139
0x910dfc18d6ea3d6a7124a6f8b5458f281060fa4c,X8X,18,0.00065868
0x3b484b82567a09e2588a13d54d032153f0c0aee0,SOS,18,3.066e-09
0x8df723295214ea6f21026eeeb4382d475f146f9f,EURQ,6,1.17
0x5a98fcbea516cf06857215779fd812ca3bef1b32,LDO,18,1.17
0x3597bfd533a99c9aa083587b074434e61eb0a258,dent,8,0.00072824
0x8236a87084f8b84306f72007f36f2618a5634494,LBTC,8,110818
0xfe8526a77a2c3590e5973ba81308b90bea21fbff,WAI,18,8.2e-06
0x901a020915bc3577d85d29f68024b4c5e240b8cd,BLASTUP,18,0.00052623
0x0f5d2fb29fb7d3cfee444a200298f468908cc942,MANA,18,0.318686
0xa6422e3e219ee6d4c1b18895275fe43556fd50ed,STBU,18,0.01235861
0x77e06c9eccf2e797fd462a92b6d7642ef85b0a44,wTAO,9,321.76
0x2de509bf0014ddf697b220be628213034d320ece,DBI,18,0.00025396
0xa26cbb76156090f4b40a1799a220fc4c946afb3c,YNG,18,0.518014
0x683c8e87e74f3f8f27c0d2ebd4350fe4dba814ef,XGN,18,0.00026651
0x9f8f72aa9304c8b593d555f12ef6589cc3a579a2,MKR,18,1761.08
0x4d4574f50dd8b9dbe623cf329dcc78d76935e610,ZEUS,9,1.814e-09
0x5b7533812759b45c2b44c19e320ba2cd2681b542,AGIX,8,0.260595
0xc36983d3d9d379ddfb306dfb919099cb6730e355,COLLE,18,5.096e-05
0xef7f7820a001aabac5e0979b175c9ff8af3dd4ec,XED,18,0.01511437
0xddbcdd8637d5cedd15eeee398108fca05a71b32b,CRAI,18,0.00307147
0x514910771af9ca656af840dff83e8264ecf986ca,LINK,18,22.19
0x04e69ff14a86e1ca9a155a8563e95887973ee175,AITV,18,0.081297
0x9b3a8159e119eb09822115ae08ee1526849e1116,MMA,9,0.00428239
0x686f2404e77ab0d9070a46cdfb0b7fecdd2318b0,LORDS,18,0.01395425
0x4da34f8264cb33a5c9f17081b9ef5ff6091116f4,ELFI,18,0.00718506
0x2bbd8602091bd1b90797d894163c0de76045f71c,END,18,0.0129829
0x628a3b2e302c7e896acc432d2d0dd22b6cb9bc88,LMWR,18,0.075718
0xc02aaa39b223fe8d0a0e5c4f27ead9083c756cc2,WETH,18,4281.11
0x75d86078625d1e2f612de2627d34c7bc411c18b8,AGII,18,7.19e-06
0x66a1e37c9b0eaddca17d3662d6c05f4decf3e110,USR,18,0.999552
0x4554cc10898f92d45378b98d6d6c2dd54c687fb2,JBX,18,0.00092197
0xc18360217d8f7ab5e7c516566761ea12ce7f9d72,ENS,18,22.03
0x6123b0049f904d730db3c36a31167d9d4121fa6b,rbn,18,0.085967
0x7da2641000cbb407c329310c461b2cb9c70c3046,agi,18,0.04224521
0xf411903cbc70a74d22900a5de66a2dda66507255,VRA,18,0.00128883
0x7f4c5447af6a96d8eeaee1d932338cfc57890dbd,DAVE,18,4.1236e-11
0x614577036f0a024dbc1c88ba616b394dd65d105a,GNUS,18,1.72
0xd8c0b13b551718b808fc97ead59499d5ef862775,$MUSIC,8,0.01368457
0x3819f64f282bf135d62168c1e513280daf905e06,HDRN,9,2.5805e-08
0xa0246c9032bc3a600820415ae600c6388619a14d,FARM,18,27.67
0xf21661d0d1d76d3ecb8e1b9f1c923dbfffae4097,RIO,18,0.240729
0xa21af1050f7b26e0cff45ee51548254c41ed6b5c,OSAK,18,1.75221e-07
0x426a688ee72811773eb64f5717a32981b56f10c1,AMC,18,2.608e-09
0x791a5c2261823dbf69b27b63e851b7745532cfa2,TUA,18,3.392e-05
0x4dc26fc5854e7648a064a4abd590bbe71724c277,ANIME,18,0.01476239
0x1e762e1fac176bbb341656035daf5601b1c69be5,WEL,18,0.00157549
0x8207c1ffc5b6804f6024322ccf34f29c3541ae26,ogn,18,0.06091
0xc08e7e23c235073c6807c2efe7021304cb7c2815,XUSD,6,0.999599
0x5e3f09ab25548616b4b97f6163ff19cf6027930d,USACOIN,9,0.00624796
0x865377367054516e17014ccded1e7d814edc9ce4,DOLA,18,0.994927
0xef6344de1fcfc5f48c30234c16c1389e8cdc572c,DNA,18,0.00790246
0x1416946162b1c2c871a73b07e932d2fb6c932069,NRG,18,0.03676308
0x32e7c8a6e920a3cf224b678112ac78fdc0fb09d1,BOO,18,3.804e-05
0xccccb68e1a848cbdb5b60a974e07aae143ed40c3,TOPIA,18,0.00750366
0x429f0d8233e517f9acf6f0c8293bf35804063a83,POWER,18,0.00882277
0xbb3a8fd6ec4bf0fdc6cd2739b1e41192d12b1873,OBI,18,0.0003883
0x6df0e641fc9847c0c6fde39be6253045440c14d3,DINERO,18,0.00821141
0x4af1bc87e43ddb22188bb3791ae00341586fe8fc,CHAMP,18,0.00349108
0x1495bc9e44af1f8bcb62278d2bec4540cf0c05ea,deai,18,0.04687228
0x6055dc6ff1077eebe5e6d2ba1a1f53d7ef8430de,ES,6,0.130745
0x419c4db4b9e25d6db2ad9691ccb832c8d9fda05e,DRGN,18,0.02322543
0xc00e94cb662c3520282e6f5717214004a7f26888,COMP,18,43.22
0xf1ca9cb74685755965c7458528a36934df52a3ef,AVINOC,18,0.00698437
0x871b7c4ec80cace3372016c30be62d8bc28bf65b,AEON,9,1.92983e-07
0xbd31ea8212119f94a611fa969881cba3ea06fa3d,LUNA,6,5.915e-05
0xb6ca7399b4f9ca56fc27cbff44f4d2e4eef1fc81,MUSE,18,8.11
0x62d0a8458ed7719fdaf978fe5929c6d342b0bfce,BEAM,18,0.00702693
0x18aaa7115705e8be94bffebde57af9bfc265b998,AUDIO,18,0.060554
0xa771b49064da011df051052848477f18dba1d2ac,WHNS,6,0.00861498
0x0c9c7712c83b3c70e7c5e11100d33d9401bdf9dd,WOMBAT,18,6.552e-05
0xcda4e840411c00a614ad9205caec807c7458a0e3,UFI,18,0.00813694
0xeeb4d8400aeefafc1b2953e0094134a887c76bd8,avail,18,0.01177468
0xaea46a60368a7bd060eec7df8cba43b7ef41ad85,FET,18,0.604775
0x2103e845c5e135493bb6c2a4f0b8651956ea8682,XAUM,18,3573.76
0x92d6c1e31e14520e676a687f0a93788b716beff5,DYDX,18,0.588897
0xa0084063ea01d5f09e56ef3ff6232a9e18b0bacd,CYDX,18,0.0016859
0x3d658390460295fb963f54dc0899cfb1c30776df,Coval,8,0.00082521
0x4691937a7508860f876c9c0a2a617e7d9e945d4b,WOO,18,0.066172
0xf629cbd94d3791c9250152bd8dfbdf380e2a3b9c,ENJ,18,0.065647
0x614da3b37b6f66f7ce69b4bbbcf9a55ce6168707,MMX,18,0.22654
0xe6bfd33f52d82ccb5b37e16d3dd81f9ffdabb195,SXT,18,0.072844
0xaf5191b0de278c7286d6c7cc6ab6bb8a73ba2cd6,STG,18,0.157219
0xfe18ae03741a5b84e39c295ac9c856ed7991c38e,CDCETH,18,4480.35
0x0b7f0e51cd1739d6c96982d55ad8fa634dd43a9c,DMT,18,7.01
0x40fd72257597aa14c7231a7b1aaa29fce868f677,XOR,18,9e-18
0x6bea7cfef803d1e3d5f7c0103f7ded065644e197,GAMMA,18,0.01392385
0xa1faa113cbe53436df28ff0aee54275c13b40975,ALPHA,18,0.01411278
0xa84f95eb3dabdc1bbd613709ef5f2fd42ce5be8d,EAI,18,0.01610544
0xcbf4d5efa82e32a9187385480a7c74cb062b956c,SATOSHI,9,1.091
0xedb171c18ce90b633db442f2a6f72874093b49ef,WAMPL,18,2.61
0xb23d80f5fefcddaa212212f028021b41ded428cf,prime,18,1.91
0x49642110b712c1fd7261bc074105e9e44676c68f,DINO,18,0.00120326
0x9e9fbde7c7a83c43913bddc8779158f1368f0413,pandora,18,652.46
0xd084944d3c05cd115c09d072b9f44ba3e0e45921,FOLD,18,1.013
0x4687f007da484efe20d7a17e5b1d105cdbfca0eb,MORPH,18,6.53107e-07
0x8e870d67f660d95d5be530380d0ec0bd388289e1,USDP,18,1
0x102c776ddb30c754ded4fdcc77a19230a60d4e4f,flc,18,7e-05
0x27c70cd1946795b66be9d954418546998b546634,LEASH,18,30.43
0x667210a731447f8b385e068205759be2311b86d4,ETF,18,0.00350602
0x6f40d4a6237c257fff2db00fa0510deeecd303eb,FLUID,18,6.36
0xcdb8fc4ef27dfeaba9b31899a9d165398bf97b9e,ETHOS,18,0.00103966
0xaa95f26e30001251fb905d264aa7b00ee9df6c18,Kendu,18,1.331e-05
0xc7283b66eb1eb5fb86327f08e1b5816b0720212b,TRIBE,18,0.616563
0x2d8ea194902bc55431420bd26be92b0782dce91d,ZND,18,0.389592
0x23fa3aa82858e7ad1f0f04352f4bb7f5e1bbfb68,FRIC,18,0.00059162
0x236501327e701692a281934230af0b6be8df3353,flt,18,0.03214089
0xb3ad645db386d7f6d753b2b9c3f4b853da6890b8,CTR,18,0.616101
0x2541a36be4cd39286ed61a3e6afc2307602489d6,DOGE20,18,8.07e-06
0x6e5970dbd6fc7eb1f29c6d2edf2bc4c36124c0c1,TRADE,18,0.116261
0xf7e945fce8f19302aacc7e1418b0a0bdef89327b,IZE,8,0.00011242
0x72f020f8f3e8fd9382705723cd26380f8d0c66bb,PLOT,18,0.00693264
0xbbaec992fc2d637151daf40451f160bf85f3c8c1,USDM,6,0.995798
0x7c5a0ce9267ed19b22f8cae653f198e3e8daf098,SAN,18,0.144249
0x14fee680690900ba0cccfc76ad70fd1b95d10e16,$PAAL,9,0.074769
0x72e364f2abdc788b7e918bc238b21f109cd634d7,MVI,18,16.37
0x57e114b691db790c35207b2e685d4a43181e6061,ENA,18,0.655949
0xa3931d71877c0e7a3148cb7eb4463524fec27fbd,sUSDS,18,1.0658295140218268
0xe77076518a813616315eaaba6ca8e595e845eee9,eEIGEN,18,1.34
0xb01cf1be9568f09449382a47cd5bf58e2a9d5922,Speed,18,0.00047674
0x95ccffae3eb8767d4a941ec43280961dde89f4de,TBANK,18,0.00451208
0x1121acc14c63f3c872bfca497d10926a6098aac5,DOGE,18,0.00630543
0x4c3bae16c79c30eeb1004fb03c878d89695e3a99,AUTUMN,18,0.00517099
0x954b890704693af242613edef1b603825afcd708,CARD,18,0.00037627
0x81f8f0bb1cb2a06649e51913a151f0e7ef6fa321,VITA,18,1.72
0x7d1afa7b718fb893db30a3abc0cfc608aacfebb0,matic,18,0.278497
0x04fa0d235c4abf4bcf4787af4cf447de572ef828,UMA,18,1.32
0x6100dd79fcaa88420750dcee3f735d168abcb771,OS,18,0.069851
0x61dbbbb552dc893ab3aad09f289f811e67cef285,SKATE,18,0.04221264
0x93eeb426782bd88fcd4b48d7b0368cf061044928,TRG,18,1.53258e-07
0xa1d23bbef17f88fefc2ada631738e4c42e906a2e,EGOD,9,1.14465e-07
0xa5ef74068d04ba0809b7379dd76af5ce34ab7c57,LUCHOW,18,3.79242e-07
0xb1f1ee126e9c96231cc3d3fad7c08b4cf873b1f1,BIFI,18,179.68
0x7fd4d7737597e7b4ee22acbf8d94362343ae0a79,WMC,2,7.67
0xf5581dfefd8fb0e4aec526be659cfab1f8c781da,HOPR,18,0.057712
0x45f93404ae1e4f0411a7f42bc6a5dc395792738d,DGEN,18,0.002224
0xc669928185dbce49d2230cc9b0979be6dc797957,BTT,18,6.32692e-07
0xfb70859efec2ceb84dd4935a0842aa69290020bc,PAIRS,18,6.077e-05
0xb2089a7069861c8d90c8da3aacab8e9188c0c531,GREEN,8,0.00028889
0x4cd1b2874e020c5bf08c4be18ab69ca86ec25fef,CRYORAT,18,0.0388607
0x0aff507ac29b8cea2fb10d2ad14408c2d79a35ad,TALK,18,0.07102
0xe9572938bcbf08adcee86fd12a7c0d08dc4ab841,INS,18,0.00948234
0x15700b564ca08d9439c58ca5053166e8317aa138,deusd,18,0.999146
0xe53ec727dbdeb9e2d5456c3be40cff031ab40a55,SUPER,18,0.600347
0xe9a95d175a5f4c9369f3b74222402eb1b837693b,NOW,8,0.522323
0xc20059e0317de91738d13af027dfc4a50781b066,SPK,18,0.060227
0xcfcffe432a48db53f59c301422d2edd77b2a88d7,TEXAN,18,2.9291e-07
0xb6ee9668771a79be7967ee29a63d4184f8097143,CXO,18,0.167084
0xbfde5ac4f5adb419a931a5bf64b0f3bb5a623d06,FLUX,18,3.781e-09
0xe24a3dc889621612422a64e6388927901608b91d,sUSN,18,1.11
0x74950fc112473caba58193c6bf6412a6f1e4d7d2,wVTRS,18,0.01745057
0x08389495d7456e1951ddf7c3a1314a4bfb646d8b,CRPT,18,0.00225908
0x2d94aa3e47d9d5024503ca8491fce9a2fb4da198,BANK,18,0.00053134
0x30ae41d5f9988d359c733232c6c693c0e645c77e,WAAC,0,1.34
0x3419875b4d3bca7f3fdda2db7a476a79fd31b4fe,DZHV,18,0.00103242
0xb10cc888cb2cce7036f4c7ecad8a57da16161338,SWITCH,8,0.00017514
0xbe1936a67f503e0eaf2434b0cf9f4e3d7100008a,PROS,18,0.04269242
0x79d464248516bc6977ca2069ba15d8d1044479d8,GPU,18,0.28014
0x85f17cf997934a597031b2e18a9ab6ebd4b9f6a4,NEAR,24,2.4
0x7d8146cf21e8d7cbe46054e01588207b51198729,BOB,18,5.5e-06
0x0ec78ed49c2d27b315d462d43b5bab94d2c79bf8,MEOW,18,0.00824444
0xcc7ed2ab6c3396ddbc4316d2d7c1b59ff9d2091f,HYDRA,18,2.17274e-07
0x9813037ee2218799597d83d4a5b6f3b6778218d9,BONE,18,0.154079
0xbea269038eb75bdab47a9c04d0f5c572d94b93d5,wFIO,9,0.01974562
0xb113c6cf239f60d380359b762e95c13817275277,BMEX,6,0.286649
0xd4fa1460f537bb9085d22c7bccb5dd450ef28e3a,PPT,8,0.103951
0x5b649c07e7ba0a1c529deaabed0b47699919b4a2,SGT,8,0.095138
0x0954906da0bf32d5479e25f46056d22f08464cab,INDEX,18,1.21
0x92d5942f468447f1f21c2092580f15544923b434,VSTR,18,0.00518824
0xb17548c7b510427baac4e267bea62e800b247173,SMT,18,0.106009
0x4ec1b60b96193a64acae44778e51f7bff2007831,EDGE,18,0.241731
0x000000000503be77a5ed27bef2c19943a8b5ae73,XTREME,18,27.43
0xaf04f0912e793620824f4442b03f4d984af29853,HYDRA,18,0.04064259
0x25cbb21a9da7c3c63bb77ccca5b2e2482aedb710,HOBA,9,0.077274
0xf17e65822b568b3903685a7c9f496cf7656cc6c2,BICO,18,0.09425
0x3e6a1b21bd267677fa49be6425aebe2fc0f89bde,QBIO,18,0.00982589
0x20d4db1946859e2adb0e5acc2eac58047ad41395,MOONEY,18,0.00038058
0x76b6f7bd8857195c5165a49a6ff75f84a3f081ca,BLOCKYBOY,9,0.00052066
0x41545f8b9472d758bb669ed8eaeeecd7a9c4ec29,fort,18,0.062916
0x08a1c30bbb26425c1031ee9e43fa0b9960742539,LNDX,6,0.064956
0x31e4efe290973ebe91b3a875a7994f650942d28f,SHRAP,18,0.00353543
0x44108f0223a3c3028f5fe7aec7f9bb2e66bef82f,ACX,18,0.135382
0x83e6f1e41cdd28eaceb20cb649155049fac3d5aa,POLS,18,0.1991
0xfd03723a9a3abe0562451496a9a394d2c4bad4ab,DYAD,18,2.08
0x04c17b9d3b29a78f7bd062a57cf44fc633e71f85,IMPT,18,0.00362383
0xb0415d55f2c87b7f99285848bd341c367feac1ea,1R0R,18,0.03755515
0x710287d1d39dcf62094a83ebb3e736e79400068a,ENQAI,18,0.00165948
0x6967f0974d76d34e140cae27efea32cdf546b58e,GMRT,18,0.00213795
0x30d20208d987713f46dfd34ef128bb16c404d10f,SD,18,0.648281
0x471d113059324321749e097705197a2b44a070fc,KNG,18,1.73
0xec53bf9167f50cdeb3ae105f56099aaab9061f83,EIGEN,18,1.34
0xa9e8acf069c58aec8825542845fd754e41a9489a,pepecoin,18,0.410329
0xa93d86af16fe83f064e3c0e2f3d129f7b7b002b0,COCORO,9,1.484e-05
0x1bbe973bef3a977fc51cbed703e8ffdefe001fed,portal,18,0.04048906
0x3073f7aaa4db83f95e9fff17424f71d4751a3073,MOVE,8,0.115054
0x2260fac5e5542a773aa44fbcfedf7c193bc2c599,WBTC,8,110743
0x28d38df637db75533bd3f71426f3410a82041544,PROMPT,18,0.173123
0x0d8775f648430679a709e98d2b0cb6250d2887ef,bat,18,0.149374
0x4d0528598f916fd1d8dc80e5f54a8feedcfd4b18,ATOS,18,0.054957
0xaa6e8127831c9de45ae56bb1b0d4d4da6e5665bd,ETH2x-FLI,18,18.63
0x4f9254c83eb525f9fcf346490bbb3ed28a81c667,celr,18,0.00751235
0x0000000000c5dc95539589fbd24be07c6c14eca4,CULT,18,0.00102361
0xae78736cd615f374d3085123a210448e74fc6393,rETH,18,4885.04
0x1776e1f26f98b1a5df9cd347953a26dd3cb46671,NMR,18,12.9
0x97a9a15168c22b3c137e6381037e1499c8ad0978,dop,18,0.00039338
0xdae0fafd65385e7775cf75b1398735155ef6acd2,TRUU,10,0.00069574
0x590f820444fa3638e022776752c5eef34e2f89a6,alph,18,0.22109
0x60d91f6d394c5004a782e0d175e2b839e078fb83,FDM,18,0.00802987
0x19373ecbb4b8cc2253d70f2a246fa299303227ba,OCH,18,0.0413003
0xc3f822e94c321dd3ee53ca46b78098ea79b7ec8d,BTCBULL,18,0.00067474
0xc4441c2be5d8fa8126822b9929ca0b81ea0de38e,USUAL,18,0.058501
0xfd418e42783382e86ae91e445406600ba144d162,ZRC,18,0.02470999
0x7786f1eb2ec198a04d8f5e3fc36fab14da370076,kb-KDA,12,0.358588
0xae7ab96520de3a18e5e111b5eaab095312d7fe84,stETH,18,4280.09
0x738865301a9b7dd80dc3666dd48cf034ec42bdda,AGRS,8,0.643583
0x12970e6868f88f6557b76120662c1b3e50a646bf,LADYS,18,3.1014e-08
0x2c0687215aca7f5e2792d956e170325e92a02aca,ESS,18,0.02713956
0x5f98805a4e8be255a32880fdec7f6728c6568ba0,LUSD,18,1.001
0x95ad61b0a150d79219dcf64e1e6cc01f0b64c4ce,SHIB,18,1.231e-05
0x0f6d4d4643a514132f84f4a270946db3c7cb701c,LOVELY,18,4.74e-06
0xba386a4ca26b85fd057ab1ef86e3dc7bdeb5ce70,JESUS,18,3.3892e-08
0xdd66781d0e9a08d4fbb5ec7bac80b691be27f21d,AXGT,18,0.079043
0x508e00d5cef397b02d260d035e5ee80775e4c821,1CAT,18,0.00024697
0xcf3c8be2e2c42331da80ef210e9b1b307c03d36a,BEPRO,18,0.00012624
0xf57e7e7c23978c3caec3c3548e3d615c346e79ff,IMX,18,0.511349
0x64d91f12ece7362f91a6f8e7940cd55f05060b92,ASH,18,1.14
0xb10cb07ca2cdac77fbb5707f6690301f9d036f45,WIN,8,0.00025757
0xda67b4284609d2d48e5d10cfac411572727dc1ed,USN,18,1
0x7613c48e0cd50e42dd9bf0f6c235063145f6f8dc,pirate,18,0.0331483
0x3446dd70b2d52a6bf4a5a192d9b0a161295ab7f9,SUDO,18,0.04031285
0x0cba60ca5ef4d42f92a5070a8fedd13be93e2861,THE,18,0.00020502
0x3593d125a4f7849a1b059e64f4517a86dd60c95d,OM,18,0.203749
0xb48eb8368c9c6e9b0734de1ef4ceb9f484b80b9c,VMPX,18,0.00390987
0x5ca135cb8527d76e932f34b5145575f9d8cbe08e,FPI,18,1.15
0xcfcecfe2bd2fed07a9145222e8a7ad9cf1ccd22a,ADS,11,0.389775
0x00000000efe302beaa2b3e6e1b18d08d69a9012a,AUSD,6,0.99976
0xdffa3a7f5b40789c7a437dbe7b31b47f9b08fe75,HOODIE,18,20.17
0x54991328ab43c7d5d31c19d1b9fa048e77b5cd16,SOIL,18,0.187986
0x8290333cef9e6d528dd5618fb97a76f268f3edd4,ankr,18,0.01460207
0xf04af3f4e4929f7cd25a751e6149a3318373d4fe,SPRING,18,0.00608772
0x4274cd7277c7bb0806bd5fe84b9adae466a8da0a,YUSD,18,1.003
0x963cd3e835d81ce8e4ae4836e654336dab4298e9,TUIT,18,0.00170863
0x090185f2135308bad17527004364ebcc2d37e5f6,SPELL,18,0.00047033
0x8f8221afbb33998d8584a2b05749ba73c37a938a,REQ,18,0.122289
0x48c3399719b582dd63eb5aadf12a40b4c3f52fa2,SWISE,18,0.02185746
0x1494ca1f11d487c2bbe4543e90080aeba4ba3c2b,DPI,18,114.13
0x8ed97a637a790be1feff5e888d43629dc05408f6,NPC,18,0.01946773
0x79bbf4508b1391af3a0f4b30bb5fc4aa9ab0e07c,Anon,18,2.89
0xd9a442856c234a39a81a089c06451ebaa4306a72,pufETH,18,4509.269515640656
0x09fe5f0236f0ea5d930197dce254d77b04128075,WCK,18,1.4078066874490938
0xb7b1570e26315baad369b8ea0a943b7f140db9eb,DPS,9,0.00535095
0xfc4913214444af5c715cc9f7b52655e788a569ed,ICSA,9,0.01498779
0x956f47f50a910163d8bf957cf5846d573e7f87ca,FEI,18,0.997219
0x06b964d96f5dcf7eae9d7c559b09edce244d4b8e,USUALX,18,0.089943
0x475b72cb2a45324329d16d4ddf14240a1f35b159,ABE,18,0.00381426
0x9f90b457dea25ef802e38d470dda7343691d8fe1,CIOTX,18,0.02641539
0x9cdf242ef7975d8c68d5c1f5b6905801699b1940,WHITE,18,0.00036186
0xf8ebf4849f1fa4faf0dff2106a173d3a6cb2eb3a,TROLL,18,3.976e-09
0x35d8949372d46b7a3d5a56006ae77b215fc69bc0,USD0++,18,0.921366
0x7a58c0be72be218b41c608b7fe7c5bb630736c71,people,18,0.01833511
0x6d44ddba07a9373d665ce636f639e1c46565a349,FOMO,18,0.00794425
0x623cd3a3edf080057892aaf8d773bbb7a5c9b6e9,SKYA,18,0.00428268
0x06450dee7fd2fb8e39061434babcfc05599a6fb8,XEN,18,2.7863e-08
0x9be89d2a4cd102d8fecc6bf9da793be995c22541,BBTC,8,110547
0x8074836637eb9cc73a01a65d5700907fc639c4e9,DNOW,18,0.00743539
0x57ab1ec28d129707052df4df418d58a2d46d5f51,sUSD,18,0.983288
0xd33526068d116ce69f19a9ee46f0bd304f21a51f,rpl,18,6.38
0x6bfdb6f4e65ead27118592a41eb927cea6956198,FMC,18,7.777e-05
0xbe03e60757f21f4b6fc8f16676ad9d5b1002e512,RST,18,0.00212803
0xb299751b088336e165da313c33e3195b8c6663a6,STAR,18,0.0029307
0x80ee5c641a8ffc607545219a3856562f56427fe9,BRETT,9,0.00668117
0x7122985656e38bdc0302db86685bb972b145bd3c,STONE,18,4610.97
0xc56c7a0eaa804f854b536a5f3d5f49d2ec4b12b8,GME,9,7.154e-05
0x92cc36d66e9d739d50673d1f27929a371fb83a67,WAGMI,18,0.00448355
0x519c1001d550c0a1dae7d1fc220f7d14c2a521bb,PSWAP,18,0.00017046
0x8dce83eca4af45dbe618da1779f9aaca43201084,AIKEK,18,0.01777249
0x2ecba91da63c29ea80fbe7b52632ca2d1f8e5be0,ferc,18,0.00507334
0x96c645d3d3706f793ef52c19bbace441900ed47d,MPS,0,4.5
0x42069d11a2cc72388a2e06210921e839cfbd3280,GNOME,18,0.00023061
0x967da4048cd07ab37855c090aaf366e4ce1b9f48,OCEAN,18,0.266324
0x8be8c50e7d7acff6084899e71a6db085ff7134c8,OPSEC,18,0.00306238
0xb131f4a55907b10d1f0a50d8ab8fa09ec342cd74,meme,18,0.00246355
0x76e222b07c53d28b89b0bac18602810fc22b49a8,JOE,18,0.02831153
0x993864e43caa7f7f12953ad6feb1d1ca635b875f,SDAO,18,0.0349631
0x940a2db1b7008b6c776d4faaca729d6d4a4aa551,dusk,18,0.061622
0xa35923162c49cf95e6bf26623385eb431ad920d3,turbo,18,0.00392162
0xf8206a19fca5999425358de4e4cdefc7f5c5d4ca,WIGL,9,0.083524
0xf0187b76be05c1fcaa24f39c0a3aab4434099c4f,AEG,18,0.00044401
0x56072c95faa701256059aa122697b133aded9279,SKY,18,0.071649
0xa8b919680258d369114910511cc87595aec0be6d,LYXe,18,0.951085
0x9dfad1b7102d46b1b197b90095b5c4e9f5845bba,BOTTO,18,0.256121
0x2a3bff78b79a009976eea096a51a948a3dc00e34,WILD,18,0.287211
0x178c820f862b14f316509ec36b13123da19a6054,EWTB,18,1.4654201258181665
0xfb782396c9b20e564a64896181c7ac8d8979d5f4,DIVER,18,0.01098596
0x3c3a81e81dc49a522a592e7622a7e711c06bf354,MNT,18,1.17
0xb4b9dc1c77bdbb135ea907fd5a08094d98883a35,sweat,18,0.00208396
0x840b20fa3d48ac709fd841fcd878c3e8aabd7087,GLUE,18,0.092353
0xd2adc1c84443ad06f0017adca346bd9b6fc52cab,DFND,18,0.00027895
0xb712d62fe84258292d1961b5150a19bc4ab49026,XCHNG,18,0.00249855
0xe6829d9a7ee3040e1276fa75293bde931859e8fa,cmETH,18,4595.43
0xdab396ccf3d84cf2d07c4454e10c8a6f5b008d2b,gfi,18,0.53327
0xba25b2281214300e4e649fead9a6d6acd25f1c0a,TREE,18,0.341527
0xf1a7000000950c7ad8aff13118bb7ab561a448ee,FLAY,18,0.03526703
0x8b9b95292f890df47fff5ac9cbe93d5fc242bd51,BEFI,18,0.00207619
0x399ef659fdead53b3e7f97e9491e727925667945,L1X,18,19.53
0x4daeb4a06f70f4b1a5c329115731fe4b89c0b227,QUA,18,0.00120026
0xcb1592591996765ec0efc1f92599a19767ee5ffa,BIO,18,0.142744
0xccba0b2bc4babe4cbfb6bd2f1edc2a9e86b7845f,WINTER,18,0.00555349
0x32462ba310e447ef34ff0d15bce8613aa8c4a244,DHN,18,3.12
0xf9ff95468cb9a0cd57b8542bbc4c148e290ff465,THINK,18,0.01342192
0x8c282c35b5e1088bb208991c151182a782637699,MONAI,18,0.02405995
0x42b91f1d05afea671a2da3c780eda2abf0a2a366,$MNB,18,2.6e-05
0xda6a3876ad460194cd7ba28062d838c98ee2fd1d,KEL,18,0.00296245
0xb60fdf036f2ad584f79525b5da76c5c531283a1b,NEMO,9,0.00015965
0x03ab458634910aad20ef5f1c8ee96f1d6ac54919,RAI,18,5.1
0xe6828d65bf5023ae1851d90d8783cc821ba7eee1,ABOND,18,0.00168117
0x8881562783028f5c1bcb985d2283d5e170d88888,shfl,18,0.295402
0x0000206329b97db379d5e1bf586bbdb969c63274,USDA,18,0.981436
0x186ef81fd8e77eec8bffc3039e7ec41d5fc0b457,INSP,18,0.02019702
0x455e53cbb86018ac2b8092fdcd39d8444affc3f6,POL,18,0.278989
0x111111111117dc0aa78b770fa6a738034120c302,1INCH,18,0.242388
0x6468e79a80c0eab0f9a2b574c8d5bc374af59414,eXRD,18,0.00434935
0xe0b7ad7f8f26e2b00c8b47b5df370f15f90fcf48,SOLX,18,0.00027428
0xaa3acc21d184cef6f7fc3385fbdb79575231afba,HSAI,18,0.00263251
0xe04f47ff45576249bc5083dfdf987e03d0550113,SAMA,18,0.00533896
0x41d5d79431a913c4ae7d69a668ecdfe5ff9dfb68,INV,18,59.05
0x6c3fe25a4de7fa243c653cfe1f165bf11d99704e,HILO ,18,0.04157349
0xed04915c23f00a313a544955524eb7dbd823143d,ach,8,0.01923284
0x0d37af9d8ae74f35f3a38bd2a08fcb29890ca6d2,AIXBT,18,0.102964
0x9afa9999e45484adf5d8eed8d9dfe0693bacd838,EVERY,18,0.00029482
0x0f51bb10119727a7e5ea3538074fb341f56b09ad,DAO,18,0.116763
0xdfa208bb0b811cfbb5fa3ea98ec37aa86180e668,wüçñ,3,0.01118264
0x00869e8e2e0343edd11314e6ccb0d78d51547ee5,SUPERGROK,18,0.00022746
0xe636f94a71ec52cc61ef21787ae351ad832347b7,CREO,18,0.00555571
0x152649ea73beab28c5b49b26eb48f7ead6d4c898,Cake,18,2.37
0x1c3547dfa9ce7acd9c54ae49244575fa65bc75e2,IMAGE,18,0.0059065
0x056fd409e1d7a124bd7017459dfea2f387b6d5cd,GUSD,2,0.998986
0x39fbbabf11738317a448031930706cd3e612e1b9,WXRP,18,2.82
0x8a60e489004ca22d775c5f2c657598278d17d9c2,USDa,18,0.991756
0xcb76314c2540199f4b844d4ebbc7998c604880ca,BERRY,18,0.071739
0x29fa1fee0f4f0ab0e36ef7ab8d7a35439ec6be75,DVT,18,0.00176467
0x66761fa41377003622aee3c7675fc7b5c1c2fac5,CPOOL,18,0.152708
0x0fd10b9899882a6f2fcb5c371e17e70fdee00c38,pundix,18,0.307874
0xb0ffa8000886e57f86dd5264b9582b2ad87b2b91,w,18,0.075675
0xc011a73ee8576fb46f5e1c5751ca3b9fe0af2a6f,SNX,18,0.661984
0xf091867ec603a6628ed83d274e835539d82e9cc8,zeta,18,0.176412
0xa19f5264f7d7be11c451c093d8f92592820bea86,BYTES,18,2.05
0x4c44a8b7823b80161eb5e6d80c014024752607f2,PAC,9,0.00032948
0xbbbbca6a901c926f240b89eacb641d8aec7aeafd,LRC,18,0.099953
0x9ee91f9f426fa633d227f7a9b000e28b9dfd8599,stMATIC,18,0.328675
0x423352f2c6e0e72422b69af03aba259310146d90,RMV,18,0.00265265
0xb9f599ce614feb2e1bbe58f180f370d05b39344e,pork,18,4.2157e-08
0xd43fba1f38d9b306aeef9d78ad177d51ef802b46,GONDOLA,9,3.69e-06
0x2be056e595110b30ddd5eaf674bdac54615307d9,APUFF,18,0.00349618
0x28561b8a2360f463011c16b6cc0b0cbef8dbbcad,MOODENG,9,2.423e-05
0xeb4c2781e4eba804ce9a9803c67d0893436bb27d,renBTC,8,18495.18
0x68614481aef06e53d23bbe0772343fb555ac40c8,PLMS,18,0.02281225
0x982b50e55394641ca975a0eec630b120b671391a,ECOTERRA,9,0.00022635
0x3432b6a60d23ca0dfca7761b7ab56459d9c964d0,FXS,18,2.63
0x553f4cb7256d8fc038e91d36cb63fa7c13b624ab,TANSSI,12,0.04095989
0x8a7b7b9b2f7d0c63f66171721339705a6188a7d5,EDOGE,18,8.698e-15
0xd31a59c85ae9d8edefec411d448f90841571b89c,SOL,9,202.73
0xf939e0a03fb07f59a73314e73794be0e57ac1b4e,crvUSD,18,1.001
0xb8c77482e45f1f44de1745f52c74426c631bdd52,BNB,18,848.83
0x70edf1c215d0ce69e7f16fd4e6276ba0d99d4de7,CHEQ,9,0.02216853
0x18084fba666a33d37592fa2633fd49a74dd93a88,tBTC,18,110625
0x3f67093dffd4f0af4f2918703c92b60acb7ad78b,21BTC,8,110255
0xdb298285fe4c5410b05390ca80e8fbe9de1f259b,FOREX,18,0.00093083
0x3001f57f8308b189eb412a64322aad5ef9951290,GEC,18,0.04930797
0xd4419c2d3daa986dc30444fa333a846be44fd1eb,ZIK,18,0.00019617
0x1fdd61ef9a5c31b9a2abc7d39c139c779e8412af,JJ,9,8.96801e-10
0xe07ecc676daf0b24b24a1c46c966d9c463984b38,USEU,18,0.927688
0x9ce84f6a69986a83d92c324df10bc8e64771030f,chex,18,0.110056
0x8064d9ae6cdf087b1bcd5bdf3531bd5d8c537a68,oBTC,18,698746.4510128879
0x16c52ceece2ed57dad87319d91b5e3637d50afa4,TCAP,18,371.4471067836041
0xba5ed44733953d79717f6269357c77718c8ba5ed,U,18,0.010472
0x112b08621e27e10773ec95d250604a041f36c582,KAS,8,0.00957508
0x3e9bc21c9b189c09df3ef1b824798658d5011937,LINA,18,3.462e-05
0xdb04fb08378129621634c151e9b61fef56947920,LGNDX,18,2.439e-05
0x3f80b1c54ae920be41a77f8b902259d48cf24ccf,KERNEL,18,0.183426
0x09d4214c03d01f49544c0448dbe3a27f768f2b34,rUSD,18,1.003
0x5fab9761d60419c9eeebe3915a8fa1ed7e8d2e1b,DIMO,18,0.081009
0x812ba41e071c7b7fa4ebcfb62df5f45f6fa853ee,Neiro,9,0.00033539
0x6942806d1b2d5886d95ce2f04314ece8eb825833,Groyper,18,0.00959178
0xbdf43ecadc5cef51b7d1772f722e40596bc1788b,SEI,18,0.291142
0x27702a26126e0b3702af63ee09ac4d1a084ef628,aleph,18,0.070726
0x15f20f9dfdf96ccf6ac96653b7c0abfe4a9c9f0f,WSB,18,5.655e-09
0xac57de9c1a09fec648e93eb98875b212db0d460b,babydoge,9,1.156e-09
0x6c3ea9036406852006290770bedfcaba0e23a0e8,PYUSD,6,1
0x7ce89243cc0d9e746609c57845eccbd9bb4b7315,LILY,18,0.00166854
0xe2ad0bf751834f2fbdc62a41014f84d67ca1de2a,ERA,18,0.693733
0xb755506531786c8ac63b756bab1ac387bacb0c04,ZARP,18,0.056163
0xee7527841a932d2912224e20a405e1a1ff747084,SHX,7,0.01977468
0x45e02bc2875a2914c4f585bbf92a6f28bc07cb70,$MBG,18,1.51
0x99d8a9c45b2eca8864373a26d1459e3dff1e17f3,MIM,18,0.988405
0xb33d999469a7e6b9ebc25a3a05248287b855ed46,FLOCK,18,0.00020948
0x19247618d79e3fc4d4866169789e4b8eedef52e6,CAI,18,0.01958619
0x9e5bd9d9fad182ff0a93ba8085b664bcab00fa68,DINGER,9,1.08e-06
0x3d000462fb9826804a45c0ea869b83b69587f2db,CMPT,18,0.417234
0xfc1c93a2507975e98b9d0e9260ded61a00152bf1,NAVI,18,0.03365868
0xcf078da6e85389de507ceede0e3d217e457b9d49,SKAI,18,0.00192336
0x6551698ee65f5db726e49f9ab0ff1ce9419003a7,PLAY,18,0.00029448
0x23894dc9da6c94ecb439911caf7d337746575a72,JAM,18,8.624e-05
0x584a4dd38d28fd1ea0e147ba7b70aed29a37e335,BTCINU,18,0.00680452
0xfe2e637202056d30016725477c5da089ab0a043a,sETH2,18,4265.9
0xfcd7ccee4071aa4ecfac1683b7cc0afecaf42a36,BLAZE,18,0.068938
0x3b9b5ad79cbb7649143decd5afc749a75f8e6c7f,GORA,18,0.02133415
0xe60e9bd04ccc0a394f1fdf29874e35a773cb07f4,AP,18,0.00269901
0x26827f7f51769ea21f94ba98ba64f5d0dc8988f9,FAME,18,8.14e-05
0x3aada3e213abf8529606924d8d1c55cbdc70bf74,XMON,18,413.11
0xf257a2783f6633a149b5966e32432b5bb3462c96,DOGECOIN,8,1.33017e-07
0x808507121b80c02388fad14726482e061b8da827,PENDLE,18,4.6
0xcdbddbdefb0ee3ef03a89afcd714aa4ef310d567,VERTAI,18,0.230234
0xda31d0d1bc934fc34f7189e38a413ca0a5e8b44f,BSSB,18,0.03191596
0xc2eb40516ecaac04ae9964934983d1e9ebdf51fd,99BTC,18,1.62e-05
0xb6ed7644c69416d67b522e20bc294a9a9b405b31,0xBTC,8,0.207898
0xb5d730d442e1d5b119fb4e5c843c48a64202ef92,SABAI,18,0.00770599
0xefc814a4c676a7314a13954e283de6cef597e6b2,MIND,18,0.00032782
0xd1d2eb1b1e90b638588728b4130137d262c87cae,GALA,8,0.01602548
0xc06bf3589345a81f0c2845e4db76bdb64bbbbc9d,MEGA,18,0.246182
0x06f3c323f0238c72bf35011071f2b5b7f43a054c,MASQ,18,0.080487
0xa2762ba628b962f93498d8893b6e4346140fe96d,INT,18,5.45
0xc9b53ab2679f573e480d01e0f49e2b5cfb7a3eab,WXTZ,18,0.706998
0xf0d33beda4d734c72684b5f9abbebf715d0a7935,NTX,6,0.01192486
0x40a7df3df8b56147b781353d379cb960120211d7,MOBY,18,0.01949622
0xa4392e3cef22679fa36704d37e5a8192cf8350f2,SUIAGENT,18,9.14e-06
0xe0bceef36f3a6efdd5eebfacd591423f8549b9d5,FACTR,18,0.01276813
0xab814ce69e15f6b9660a3b184c0b0c97b9394a6b,NEURON,18,0.0002317
0xc9f00080d96cea3ef92d2e2e563d4cd41fb5bb36,BLOX,18,0.0007811
0x21bfbda47a0b4b5b1248c767ee49f7caa9b23697,OVR,18,0.117045
0x0b010000b7624eb9b3dfbc279673c76e9d29d5f7,OBOL,18,0.108044
0x8ccd897ca6160ed76755383b201c1948394328c7,wBAI,9,0.154771
0xf19308f923582a6f7c465e5ce7a9dc1bec6665b1,TITANX,18,2.00811e-07
0xc555d625828c4527d477e595ff1dd5801b4a600e,mon,18,0.01730468
0xcbb7c0000ab88b473b1f5afd9ef808440eed33bf,cbBTC,8,110547
0x0001a500a6b18995b03f44bb040a5ffc28e45cb0,OLAS,18,0.231915
0x7b4328c127b85369d9f82ca0503b000d09cf9180,DC,18,3.036e-05
0xe3944ab788a60ca266f1eec3c26925b95f6370ad,RAIN,18,0.00115316
0x6982508145454ce325ddbe47a25d4ec3d2311933,PEPE,18,9.59e-06
0x6810e776880c02933d47db1b9fc05908e5386b96,gno,18,133.44
0x6c6ee5e31d828de241282b9606c8e98ea48526e2,hot,18,0.00091697
0x8af78f0c818302164f73b2365fe152c2d1fe80e1,FNCT,18,0.0014811
0x2614f29c39de46468a921fd0b41fdd99a01f2edf,HLX,18,1.90951e-07
0xd536e7a9543cf9867a580b45cec7f748a1fe11ec,ORX,18,0.04869922
0x0a6e7ba5042b38349e437ec6db6214aec7b35676,SWELL,18,0.00907513
0x32b77729cd87f1ef2bea4c650c16f89f08472c69,BOX,18,0.00779769
0x7b744eea1deca2f1b7b31f15ba036fa1759452d7,HIPP,18,8.9638e-11
0x68ad75469db9181a1144e769c16adf47f2f32cae,$MaxETH,18,1.33e-06
0xc43c6bfeda065fe2c4c11765bf838789bd0bb5de,RED,18,0.697984
0xfb130d93e49dca13264344966a611dc79a456bc5,DOGEGF,18,8.6976e-11
0x64a77277e37d44957fe5815d6ff442ab8b16cc29,DAWGS,9,2.17306e-07
0x955d5c14c8d4944da1ea7836bd44d54a8ec35ba1,RFD,18,4.31e-06
0x42bbfa2e77757c645eeaad1655e0911a7553efbc,boba,18,0.092803
0x408e41876cccdc0f92210600ef50372656052a38,REN,18,0.00780521
0x2e85ae1c47602f7927bcabc2ff99c40aa222ae15,KATA,18,0.00015038
0x8e4f1ce473b292d56934c36976356e3e22c35585,FIAS,18,0.01653645
0x0d3cbed3f69ee050668adf3d9ea57241cba33a2b,pda,18,0.00533959
0x85225ed797fd4128ac45a992c46ea4681a7a15da,HYPE,18,0.00678434
0xf9902edfca4f49dcaebc335c73aebd82c79c2886,ADO,18,0.03047166
0x6fb3e0a217407efff7ca062d46c26e5d60a14d69,IOTX,18,0.02607712
0x5c1d9aa868a30795f92fae903edc9eff269044bf,CNG,18,0.00769282
0xfd957f21bd95e723645c07c48a2d8acb8ffb3794,ETHM,18,9.268e-15
0x364c65347bdd77e6196fad96d42dbbd6d55cf719,BRK,18,698.11
0x69af81e73a73b40adf4f3d4223cd9b1ece623074,MASK,18,1.21
0x4b7c762af92dbd917d159eb282b85aa13e955739,POODL,18,2.152e-05
0xf0610eb7d8ee12d59412da32625d5e273e78ff0b,MDEX,18,0.0077208
0x1ce270557c1f68cfb577b856766310bf8b47fd9c,$MONG,18,3.373e-09
0x55af5865807b196bd0197e0902746f31fbccfa58,BOO,18,0.117645
0xe28b3b32b6c345a34ff64674606124dd5aceca30,INJ,18,12.66
0x4ade2b180f65ed752b6f1296d0418ad21eb578c0,KEK,9,7.57e-06
0x8013266cb5c9dd48be3ad7d1ce832874d64b3ce1,BOOP,18,0.03475827
0xeeee2a2e650697d2a8e8bc990c2f3d04203be06f,FP,18,0.00036797
0x352a4b34b8e9f43b869f6f80728978cccdced406,SDLX,18,0.085407
0x6c060ba738af39a09f3b45ac6487dfc9ebb885f6,rsERG,9,0.819336
0xd2877702675e6ceb975b4a1dff9fb7baf4c91ea9,LUNA,18,3.332e-05
0xc944e90c64b2c07662a292be6244bdf05cda44a7,GRT,18,0.087836
0xdac17f958d2ee523a2206206994597c13d831ec7,USDT,6,1
0x73a15fed60bf67631dc6cd7bc5b6e8da8190acf5,USD0,18,1.001
0x207e14389183a94343942de7afbc607f57460618,THOL,18,0.00055783
0x853d955acef822db058eb8505911ed77f175b99e,FRAX,18,0.999439
0x20561172f791f915323241e885b4f7d5187c36e1,CAL,18,0.00105632
0x738d1115b90efa71ae468f1287fc864775e23a31,srUSD,18,1.094
0xaf0db65b7296c02ab043f5cb17300c8ee949f247,SHAO,18,0.00056671
0x32c6f1c1731ff8f98ee2ede8954f696446307846,BEARDY,18,0.00017104
0x8afe4055ebc86bd2afb3940c0095c9aca511d852,AIUS,18,3.14
0x607f4c5bb672230e8672085532f7e901544a7375,RLC,9,1.26
0x2af1df3ab0ab157e1e2ad8f88a7d04fbea0c7dc6,BED,18,171.76
0x4c1746a800d224393fe2470c70a35717ed4ea5f1,PLUME,18,0.079471
0xe95a203b1a91a908f9b9ce46459d101078c2c3cb,ankrETH,18,5125.65
0xb528edbef013aff855ac3c50b381f253af13b997,aevo,18,0.086142
0x3231cb76718cdef2155fc47b5286d82e6eda273f,EURe,18,1.17
0x3b991130eae3cca364406d718da22fa1c3e7c256,SHRUB,18,0.00351629
0x365accfca291e7d3914637abf1f7635db165bb09,FXN,18,82.96
0x3506424f91fd33084466f402d5d97f05f8e3b4af,chz,18,0.0390644
0x9343e24716659a3551eb10aff9472a2dcad5db2d,STFX,18,5.741e-09
0x2b591e99afe9f32eaa6214f7b7629768c40eeb39,HEX,8,0.00157061
0xd6203889c22d9fe5e938a9200f50fdffe9dd8e02,SBR,9,0.04712163
0x600d601d8b9eb5de5ac90fefc68d0d08801bfd3f,ELMT,8,0.00063269
0x00059ae69c1622a7542edc15e8d17b060fe307b6,AMON,18,0.00047105
0xd8912c10681d8b21fd3742244f44658dba12264e,PLU,18,0.489478
0xf47245e9a3ba3dca8b004e34afc1290b1d435a52,MBLK,18,0.00010281
0x1ceb5cb57c4d4e2b2433641b95dd330a33185a44,KP3R,18,5.22
0x38f9bf9dce51833ec7f03c9dc218197999999999,NYA,18,1.41286e-07
0xa02120696c7b8fe16c09c749e4598819b2b0e915,WXT,18,0.00291928
0x3742f3fcc56b2d46c7b8ca77c23be60cd43ca80a,stAVAIL,18,0.0124034
0xf951e335afb289353dc249e82926178eac7ded78,swETH,18,4675.61
0x584bc13c7d411c00c01a62e8019472de68768430,HEGIC,18,0.04186775
0x62b9c7356a2dc64a1969e19c23e4f579f9810aa7,cvxCRV,18,0.312218
0x70e8de73ce538da2beed35d14187f6959a8eca96,xsgd,6,0.776843
0x68b36248477277865c64dfc78884ef80577078f3,Hold,18,0.00051489
0xbb1ee07d6c7baeb702949904080eb61f5d5e7732,DINU,18,6.67803e-10
0xba3335588d9403515223f109edc4eb7269a9ab5d,GEAR,18,0.00359266
0x557b933a7c2c45672b610f8954a3deb39a51a8ca,REVV,18,0.00138482
0x4ed257678fc4e76df9642a416b223729fdedbefd,STRX,18,0.03456149
0xb2492e97a68a6e4b9e9a11b99f6c42e5accd38c7,VEXT,18,0.00227881
0xbb0e17ef65f82ab018d8edd776e8dd940327b28b,AXS,18,2.35
0xb56aaac80c931161548a49181c9e000a19489c44,ABDS,18,0.001702
0xdd3b11ef34cd511a2da159034a05fcb94d806686,REKT,18,7.47372e-07
0x9f52c8ecbee10e00d9faaac5ee9ba0ff6550f511,SIPHER,18,0.02901125
0x7a56e1c57c7475ccf742a1832b028f0456652f97,SolvBTC,18,110070
0x6e79b51959cf968d87826592f46f819f92466615,HOPPY,9,1.813e-05
0xbe9895146f7af43049ca1c1ae358b0541ea49704,cbETH,18,4690.78
0x01824357d7d7eaf4677bc17786abd26cbdec9ad7,$FORWARD,18,0.000254
0x467719ad09025fcc6cf6f8311755809d45a5e5f3,wAXL,6,0.295779
0x4dfd742c6e5e28f11bcbcf6c5e51a965d15ea315,AMINO,18,0.00034653
0x62f03b52c377fea3eb71d451a95ad86c818755d1,DOGEVERSE,18,5.79e-06
0xaa9806c938836627ed1a41ae871c7e1889ae02ca,EDGEN,18,0.00627026
0x15f74458ae0bfdaa1a96ca1aa779d715cc1eefe4,GRAI,18,1.025
0xeabb8996ea1662cad2f7fb715127852cd3262ae9,CNFI,18,0.084249
0xe5097d9baeafb89f9bcb78c9290d545db5f9e9cb,HBOT,18,0.00123724
0x259338656198ec7a76c729514d3cb45dfbf768a1,RESOLV,18,0.144295
0x736ecc5237b31edec6f1ab9a396fae2416b1d96e,GASP,18,0.00027529
0x491604c0fdf08347dd1fa4ee062a822a5dd06b5d,ctsi,18,0.074249
0x24d7ad9402717f429a81925fe7643b78918eda8b,XION,6,0.896439
0x8143182a775c54578c8b7b3ef77982498866945d,wQUIL,8,0.03946834
0x5026f006b85729a8b14553fae6af249ad16c9aab,WOJAK,18,0.00030715
0x7d225c4cc612e61d26523b099b0718d03152edef,FORK,18,9.412e-09
0xbf5495efe5db9ce00f80364c8b423567e58d2110,ezETH,18,4535.51
0xbcd4d5ac29e06e4973a1ddcd782cd035d04bc0b7,QKNTL,18,0.0089843
0x60215db40b04fe029c42c56ff2e02221c1f288ef,CHILLGUY,9,0.00030721
0x96c3530bfd0a906a123a4e26cebb635636b41f9d,HYDRA,18,0.150067
0x289ff00235d2b98b0145ff5d4435d3e92f9540a6,BOOE,18,0.339947
0x4e9e4ab99cfc14b852f552f5fb3aa68617825b6c,SLR,18,0.04288311
0x88800092ff476844f74dc2fc427974bbee2794ae,WALLET,18,0.02610359
0x04c154b66cb340f3ae24111cc767e0184ed00cc6,pxETH,18,4270.23869267661
0x17d2628d30f8e9e966c9ba831c9b9b01ea8ea75c,ISK,18,0.00362608
0x09d6f0f5a21f5be4f59e209747e2d07f50bc694c,NFTFI,18,0.00144527
0x580e933d90091b9ce380740e3a4a39c67eb85b4c,GSWIFT,18,0.00642076
0x9ce115f0341ae5dabc8b477b74e83db2018a6f42,HAIR,18,63.67
0x761d38e5ddf6ccf6cf7c55759d5210750b5d60f3,ELON,18,9.5698e-08
0xec70ff4a5b09110e4d20ada4f2db4a86ec61fac6,GRP,18,1.41
0x9d9535dae62f5f12ab83f1183dca1ead244b0db3,YBR,18,0.0038186
0x0bb217e40f8a5cb79adf04e1aab60e5abd0dfc1e,SWFTC,8,0.00890471
0x08c32b0726c5684024ea6e141c50ade9690bbdcc,STOS,18,0.07861
0x71297312753ea7a2570a5a3278ed70d9a75f4f44,EBULL,9,0.0001017
0x90685e300a4c4532efcefe91202dfe1dfd572f47,cta,18,0.03628765
0xda987c655ebc38c801db64a8608bc1aa56cd9a31,SYNT,18,0.0155691
0xc57d533c50bc22247d49a368880fb49a1caa39f7,PTF,18,0.01453918
0x774eaf7a53471628768dc679da945847d34b9a55,GASS,18,3.832e-09
0xe2cfd7a01ec63875cd9da6c7c1b7025166c2fa2f,HYPER,18,1.97986e-07
0x40d16fc0246ad3160ccc09b8d0d3a2cd28ae6c2f,GHO,18,0.999633
0x1c9b158e71bc274ea5519ca57a73e337cac72b3a,GrowAI,18,0.00140999
0xd9d920aa40f578ab794426f5c90f6c731d159def,xSolvBTC,18,109937
0x00f116ac0c304c570daaa68fa6c30a86a04b5c5f,INF,18,1.06048e-07
0x249e38ea4102d0cf8264d3701f1a0e39c4f2dc3b,UFO,18,3.35565e-07
0x19640000000ba88d36206beb10d0e86011c8d08c,RALLY,18,0.00163441
0x58b9cb810a68a7f3e1e4f8cb45d1b9b3c79705e8,CLEAR,18,0.01495913
0xcafe001067cdef266afb7eb5a286dcfd277f3de5,PSP,18,0.02220168
0xfeac2eae96899709a43e252b6b92971d32f9c0f9,ANYONE,18,0.576614
0xd13c7342e1ef687c5ad21b27c2b65d772cab5c8c,UOS,4,0.03703559
0xad86b91a1d1db15a4cd34d0634bbd4ecacb5b61a,Daram,18,8.93854e-07
0x335f4e66b9b61cee5ceade4e727fcec20156b2f0,ELMO,18,0.00177788
0x3af33bef05c2dcb3c7288b77fe1c8d2aeba4d789,KROM,18,0.01148536
0x470c8950c0c3aa4b09654bc73b004615119a44b5,KIZUNA,18,1.925e-09
0x998ffe1e43facffb941dc337dd0468d52ba5b48a,IDRT,2,6.12e-05
0x582d872a1b094fc48f5de31d3b73f2d9be47def1,ton,9,3.09
0xfa14fa6958401314851a17d6c5360ca29f74b57b,SAITO,18,0.00415927
0x5b52bfb8062ce664d74bbcd4cd6dc7df53fd7233,ZENIQ,18,0.00254017
0x669c01caf0edcad7c2b8dc771474ad937a7ca4af,WMINIMA,18,0.00472381
0xff8c479134a18918059493243943150776cf8cf2,RENQ,18,0.00116655
0xb214b79eac9378a56d14d6e6d452150c80d6ad79,MEMEX,18,0.00059215
0x468eabcb5c914ac59e72691f8fc970880a94f4b3,eMDR,18,39.51
0xd12a99dbc40036cec6f1b776dccd2d36f5953b94,DRAGGY,9,9.81328e-10
0xa5cdea03b11042fc10b52af9eca48bb17a2107d2,mvRWA,18,1.12
0x31b6100f5f4466e6daeb1edb2f2ce6e548cf8938,Puff,18,0.081869
0xc5102fe9359fd9a28f877a67e36b0f050d81a3cc,HOP,18,0.00859833
0x3845badade8e6dff049820680d1f14bd3903a5d0,SAND,18,0.281949
0xc477d038d5420c6a9e0b031712f61c5120090de9,BOSON,18,0.0786
0x2370f9d504c7a6e775bf6e14b3f12846b594cd53,JPYC,18,0.0086652
0x1258d60b224c0c5cd888d37bbf31aa5fcfb7e870,GPU,18,0.242975
0x58f7345b5295e43aa454911571f13be186655be9,WGRLC,8,0.00916853
0xe6fd75ff38adca4b97fbcd938c86b98772431867,ELA,18,1.46
0x4d4f3715050571a447fffa2cd4cf091c7014ca5c,SUMMER,18,0.00513936
0xd7efb00d12c2c13131fd319336fdf952525da2af,xpr,4,0.00557956
0x8a462e6a0051d006e33152fbeadfb9a14198de30,FYDE,18,0.00527052
0x712bd4beb54c6b958267d9db0259abdbb0bff606,UDS,18,1.47
0x740df024ce73f589acd5e8756b377ef8c6558bab,hlg,18,0.00010161
0x0f2d719407fdbeff09d87557abb7232601fd9f29,SYN,18,0.117282
0x88909d489678dd17aa6d9609f89b0419bf78fd9a,L3,18,0.03791466
0x48e205eb6db302a6e50d292cd382f6251d9a25cd,BOOM,18,0.00019385
0x8292bb45bf1ee4d140127049757c2e0ff06317ed,RLUSD,18,1
0x1c9922314ed1415c95b9fd453c3818fd41867d0b,TOWER,18,0.00155587
0xc28eb2250d1ae32c7e74cfb6d6b86afc9beb6509,OPN,18,0.00026826
0x03aa6298f1370642642415edc0db8b957783e8d6,NMT,18,0.441685
0x15b7c0c907e4c6b9adaaaabc300c08991d6cea05,GEL,18,0.054035
0xf2b2f7b47715256ce4ea43363a867fdce9353e3a,brise,9,5.4864e-08
0x9a1741e151233a82cf69209a2f1bc7442b1fb29c,DGI,18,1.33
0x6b4c7a5e3f0b99fcd83e9c089bddd6c7fce5c611,MM,18,1.16
0x798bcb35d2d48c8ce7ef8171860b8d53a98b361d,mpDAO,6,0.02726445
0x0f6f1818019d656ea5651e913adf8a26e178c09f,EAGLE,18,6.841e-05
0x437cc33344a0b27a429f795ff6b469c72698b291,wM,6,1.002
0xfa99a87b14b02e2240c79240c5a20f945ca5ef76,GGTK,18,0.00275885
0xd478161c952357f05f0292b56012cd8457f1cfbf,POLK,18,0.00886018
0xa80505c408c4defd9522981cd77e026f5a49fe63,NEUY,18,0.04128663
0xe9689028ede16c2fdfe3d11855d28f8e3fc452a3,bubble,18,0.00037757
0x3ffeea07a27fab7ad1df5297fa75e77a43cb5790,PEIPEI,18,3.0483e-08
0x0bc529c00c6401aef6d220be8c6ea1667f6ad93e,yfi,18,5210.49
0xd533a949740bb3306d119cc777fa900ba034cd52,CRV,18,0.747025
0x657e8c867d8b37dcc18fa4caead9c45eb088c642,eBTC,8,108858
0x4b19c70da4c6fa4baa0660825e889d2f7eabc279,GMM,18,7.566e-05
0x6ab4ce36260f201e4e2391eca2fd7538f71e4131,AI,18,0.00931975
0x97ad75064b20fb2b2447fed4fa953bf7f007a706,beraSTONE,18,4233.97
0x15e6e0d4ebeac120f9a97e71faa6a0235b85ed12,savm,18,0.144373
0x482df7483a52496f4c65ab499966dfcdf4ddfdbc,LDY,18,0.01490583
0xc98d64da73a6616c42117b582e832812e7b8d57f,rss3,18,0.0405438
0x31f69de127c8a0ff10819c0955490a4ae46fcc2a,GBYTE,18,2.59
0x7d3ce1265d5ea5848dc1c96aadbf754e2bad33b1,FASH,18,0.00923631
0x3f382dbd960e3a9bbceae22651e88158d2791550,ghst,18,0.426839
0xdac070102b0cfde1493026454c9c608924f6db71,POPG,18,0.04827577
0x7fc66500c84a76ad7e9c93437bfc5ac33e2ddae9,AAVE,18,299.7
0x03d1e72765545729a035e909edd9371a405f77fb,NABOX,18,3.63e-06
0xcab254f1a32343f11ab41fbde90ecb410cde348a,FROGE,18,4.021e-09
0x661c70333aa1850ccdbae82776bb436a0fcfeefb,EBTC,18,113099.92212763157
0x04969cd041c0cafb6ac462bd65b536a5bdb3a670,wOMI,18,0.0006237312104164781
0x243c9be13faba09f945ccc565547293337da0ad7,TRUF,18,0.02251096
0xcc8fa225d80b9c7d42f96e9570156c65d6caaa25,SLP,0,0.00168559
0x594daad7d77592a2b97b725a7ad59d7e188b5bfa,APU,18,0.00015912
0xa1290d69c65a6fe4df752f95823fae25cb99e5a7,rsETH,18,4517.89
0x5fa487bca6158c64046b2813623e20755091da0b,thBILL,6,1.009
0x9f278dc799bbc61ecb8e5fb8035cbfa29803623b,BDX,18,4.08e-06
0xba5bde662c17e2adff1075610382b9b691296350,RARE,18,0.053641
0x2f141ce366a2462f02cea3d12cf93e4dca49e4fd,FREE,18,3.7979e-08
0xbb1e1399eee1f577f1b4359224155f5db39ca084,JOCX,18,0.100697
0xf2fc894381792ded27a7f08d9f0f246363cbe1ea,MATRIX,18,0.00035776
0x79c6ffe2ccbca761e9e289a69432bffb0b744876,PINEOWL,9,2.969e-05
0x662b67d00a13faf93254714dd601f5ed49ef2f51,ORC,18,0.00317638
0x395e925834996e558bdec77cd648435d620afb5b,TFT,7,0.0030771
0x5e8422345238f34275888049021821e8e08caa1f,frxETH,18,4271.19
0xdc9cb148ecb70876db0abeb92f515a5e1dc9f580,GBTC,18,0.03310898
0x478156deabfac918369044d52a6bdb5cc5597994,SGR,8,0.356749
0xc0db17bc219c5ca8746c29ee47862ee3ad742f4a,SCOTTY,18,0.00017854
0x167e6fcd728cdd00d012d8862934c2c333cb0839,XBO,18,0.152814
0x2a8e1e676ec238d8a992307b495b45b3feaa5e86,OUSD,18,0.99885
0x09395a2a58db45db0da254c7eaa5ac469d8bdc85,SQT,18,0.00082882
0xa444ec96ee01bb219a44b285de47bf33c3447ad5,LEOX,18,0.060297
0x44971abf0251958492fee97da3e5c5ada88b9185,basedAI,18,0.289516
0xc78b628b060258300218740b1a7a5b3c82b3bd9f,wCOMAI,18,0.00901851
0x2a92525fda8d3ab481f8e2a913b64b64bd1c9fdd,$WELF,18,0.569859
0x005d1123878fc55fbd56b54c73963b234a64af3c,KIBA,18,9.32663e-07
0x111111517e4929d3dcbdfa7cce55d30d4b6bc4d6,ICHI,18,0.422277
0xee2a03aa6dacf51c18679c516ad5283d8e7c2637,NEIRO,9,0.063634
0xf80d589b3dbe130c270a69f1a69d050f268786df,DAM,18,0.051188
0x440017a1b021006d556d7fc06a54c32e42eb745b,@G,18,0.144654
0xc53342fd7575f572b0ff4569e31941a5b821ac76,ETHV,18,74.6
0x68749665ff8d2d112fa859aa293f07a622782f38,xaut,6,3594.12
0xd9016a907dc0ecfa3ca425ab20b6b785b42f2373,GMEE,18,0.00189397
0xa0b86991c6218b36c1d19d4a2e9eb0ce3606eb48,USDC,6,0.999826
0x3bbbb6a231d0a1a12c6b79ba5bc2ed6358db5160,ZEN,18,0.01402644
0xba3f535bbcccca2a154b573ca6c5a49baae0a3ea,dEURO,18,1.18
0x044e874f23f9a7e5dad696554a116c4bb62fecb7,GMI,18,0.00134244
0xa6089dbfed19d1bcd43146bbdca2b8f9d9f84a9a,UGOLD,18,3780.05
0x02f92800f57bcd74066f5709f1daa1a4302df875,PEAS,18,5.26
0x3e5a19c91266ad8ce2477b91585d1856b84062df,a8,18,0.102978
0x5eed99d066a8caf10f3e4327c1b3d8b673485eed,SEED,18,0.557625
0xb05097849bca421a3f51b249ba6cca4af4b97cb9,FLOAT,18,2.3435972386125026
0xe5b826ca2ca02f09c1725e9bd98d9a8874c30532,ZEON,18,0.00033512
0x75231f58b43240c9718dd58b4967c5114342a86c,okb,18,178.39
0x9afc975edb8a0b57f066e8e0a72a5e2adbdcb605,FSN,18,0.00021801
0x9e6be44cc1236eef7e1f197418592d363bedcd5a,AZUR,18,0.00630955
0x0d57436f2d39c0664c6f0f2e349229483f87ea38,wA7A5,6,0.000433
0x7051faed0775f664a0286af4f75ef5ed74e02754,CHANGE,18,0.00197611
0x35bd01fc9d6d5d81ca9e055db88dc49aa2c699a8,FWB,18,0.778813
0x6b66ccd1340c479b07b390d326eadcbb84e726ba,SEAM,18,0.403273
0xfb7b4564402e5500db5bb6d63ae671302777c75a,DEXT,18,0.554842
0x4cce605ed955295432958d8951d0b176c10720d5,AUDD,6,0.660593
0x33349b282065b0284d756f0577fb39c158f935e6,MPL,18,0.994622
0x06561dc5cedcc012a4ea68609b17d41499622e4c,NOOB,18,8.584e-05
0x53be7be0ce7f92bcbd2138305735160fb799be4f,$NTMPI,6,0.01686107
0x82a605d6d9114f4ad6d5ee461027477eeed31e34,SNSY,18,0.00113155
0xd794dd1cada4cf79c9eebaab8327a1b0507ef7d4,HYVE,18,0.00407029
0xfbd5fd3f85e9f4c5e8b40eec9f8b8ab1caaa146b,TREAT,18,0.00018831
0xd459eceddafcc1d876a3be7290a2e16e801073a3,BB,18,0.138048
0x382ea807a61a418479318efd96f1efbc5c1f2c21,PEW,18,6.20487e-07
0x1abaea1f7c830bd89acc67ec4af516284b1bc33c,axlEUROC,6,1.17
0xd85a68faa78b4431dce816c157b66fc9911b3612,INF,18,0.0017127
0x05be1d4c307c19450a6fd7ce7307ce72a3829a60,IMF,18,0.165017
0x68bbed6a47194eff1cf514b50ea91895597fc91e,ANDY,18,5.185e-05
0xe7c6bf469e97eeb0bfb74c8dbff5bd47d4c1c98a,HSK,18,0.422278
0x6710c63432a2de02954fc0f851db07146a6c0312,MFG,18,0.00165438
0x66b5228cfd34d9f4d9f03188d67816286c7c0b74,VOLT,18,0.00197722
0xfa3e941d1f6b7b10ed84a0c211bfa8aee907965e,HAY,18,74111
0x4ff57e25eeb7affbbb060e0bad2e1759efc8bec4,BLOCX,18,0.00851416
0x2817cecf94465a9f7becf43d9b7c8025e88a4213,WX,18,0.00010814
0x6dea81c8171d0ba574754ef6f8b412f2ed88c54d,LQTY,18,0.790808
0x3a1bda28adb5b0a812a7cf10a1950c920f79bcd3,FLP,18,0.00864665
0x7f39c581f595b53c5cb19bd0b3f8da6c935e2ca0,wstETH,18,5187.05
0xb753428af26e81097e7fd17f40c88aaa3e04902c,SFI,18,30.41
0x8390a1da07e376ef7add4be859ba74fb83aa02d5,GROK,9,0.00112043
0xdb5c3c46e28b53a39c255aa39a411dd64e5fed9c,NCR,18,0.03439388
0x6715515f5aa98e8bd3624922e1ba91e6f5fc4402,SSNC,18,0.00022641
0x922d8563631b03c2c4cf817f4d18f6883aba0109,LOCK,18,0.156269
0xb64ef51c888972c908cfacf59b47c1afbc0ab8ac,STORJ,8,0.251047
0x340d2bde5eb28c1eed91b2f790723e3b160613b7,VEE,18,0.01677897
0x473f4068073cd5b2ab0e4cc8e146f9edc6fb52cc,NUT,18,3.6237e-08
0x67466be17df832165f8c80a5a120ccc652bd7e69,WOLF,18,4.075e-05
0xf34960d9d60be18cc1d5afc1a6f012a723a28811,KCS,6,14.56
0x3007083eaa95497cd6b2b809fb97b6a30bdf53d3,PSYOP,18,2.694e-05
0x52498f8d9791736f1d6398fe95ba3bd868114d10,NETVR,18,0.01715594
0x5ee84583f67d5ecea5420dbb42b462896e7f8d06,PLSB,12,0.04051641
0xf9c53268e9de692ae1b2ea5216e24e1c3ad7cb1e,IDO,18,0.02109767
0x444444444444c1a66f394025ac839a535246fcc8,GENI,9,1.07e-06
0x2196b84eace74867b73fb003aff93c11fce1d47a,PSY,18,0.057939
0x5651fa7a726b9ec0cad00ee140179912b6e73599,OORT,18,0.03132702
0x7c5b267ed81009aa7374b5ca7e5137da47045ba8,TKAI,18,0.00289302
0x467bccd9d29f223bce8043b84e8c8b282827790f,TEL,2,0.00511102
0x5f64ab1544d28732f0a24f4713c2c8ec0da089f0,DEXTF,18,0.100625
0x88df592f8eb5d7bd38bfef7deb0fbc02cf3778a0,trb,18,33.43
0x6e2a43be0b1d33b726f0ca3b8de60b3482b8b050,arkm,18,0.46908
0x6b175474e89094c44da98b954eedeac495271d0f,DAI,18,0.999663
0x8d0d000ee44948fc98c9b98a4fa4921476f08b0d,USD1,18,0.999062
0x10dea67478c5f8c5e2d90e5e9b26dbe60c54d800,taiko,18,0.396179
0x3541a5c1b04adaba0b83f161747815cd7b1516bc,KNIGHT,18,0.00121511
0x95ae252633e9ea03bdfe67874b349b41163464ce,BIGGIE,9,5.23395e-10
0x9a594f5ed8d119b73525dfe23adbceca77fd828d,triangle,18,0.00011312
0x86ed939b500e121c0c5f493f399084db596dad20,SPC,18,0.03152446
0xb98d4c97425d9908e66e53a6fdf673acca0be986,abt,18,0.703004
0x1a4b46696b2bb4794eb3d4c26f1c55f9170fa4c5,BIT,18,1.2
0xf66cd2f8755a21d3c8683a10269f795c0532dd58,CoreDAO,18,1.074
0x8355dbe8b0e275abad27eb843f3eaf3fc855e525,WOOL,18,0.00100431
0xccb365d2e11ae4d6d74715c680f56cf58bf4bf10,WEPE,18,5.777e-05
0xc311fd6da9686507f33991543d8158ef5fadd5e7,ZARO,18,0.00113821
0x73fbd93bfda83b111ddc092aa3a4ca77fd30d380,SOPH,18,0.00360955
0x66a5cfb2e9c529f14fe6364ad1075df3a649c0a5,ZK,18,0.055773
0x1a7e4e63778b4f12a199c062f3efdd288afcbce8,EURA,18,1.16
0x43fe2b0c5485c10e772a1843e32a7642ace5b88c,RPILL,18,3.80624e-07
0x6440f144b7e50d6a8439336510312d2f54beb01d,BOLD,18,0.998339
0xc9bca88b04581699fab5aa276ccaff7df957cbbf,VISTA,18,9.06
0xd5f7838f5c461feff7fe49ea5ebaf7728bb0adfa,meth,18,4610.67
0x6b3595068778dd592e39a122f4f5a5cf09c90fe2,sushi,18,0.753645
0x004e9c3ef86bc1ca1f0bb5c7662861ee93350568,uniBTC,8,109567
0x431d5dff03120afa4bdf332c61a6e1766ef37bdb,JPYC,18,0.00714094
0x295b42684f90c77da7ea46336001010f2791ec8c,XI,18,0.00112408
